image_path,target_xywh,target_species,target_disease,xyxy,cls,conf
/home/vislab-001/Jared/CS534-Team-3-AI-Project/data/PlantDoc_ObjectDetection/test/images/P1130286_jpg.rf.7e9c57e4056b97b93a28df59996ed2de.jpg,"[[0.5846354166666666, 0.51220703125, 0.6953125, 0.693359375]]",[12],[28],"[[364.69854736328125, 323.1715393066406, 1441.1527099609375, 1874.619140625]]",[12.0],[0.9269462823867798]
/home/vislab-001/Jared/CS534-Team-3-AI-Project/data/PlantDoc_ObjectDetection/test/images/9511_img_jpg.rf.c9393cb33e0bb8cd61a2446a3616c6ef.jpg,"[[0.16018518518518518, 0.83, 0.12407407407407407, 0.28], [0.2537037037037037, 0.245, 0.1111111111111111, 0.1], [0.37592592592592594, 0.32625, 0.09259259259259259, 0.1675], [0.9166666666666666, 0.75875, 0.1037037037037037, 0.2925], [0.18425925925925926, 0.44625, 0.12777777777777777, 0.1075], [0.15648148148148147, 0.25875, 0.06851851851851852, 0.1425], [0.3611111111111111, 0.445, 0.13333333333333333, 0.09], [0.29444444444444445, 0.58625, 0.14814814814814814, 0.1325], [0.7675925925925926, 0.29875, 0.15, 0.1375], [0.8324074074074074, 0.41125, 0.15, 0.1375], [0.5990740740740741, 0.59875, 0.12777777777777777, 0.3025], [0.675, 0.61625, 0.18703703703703703, 0.2625]]","[11, 11, 11, 11, 11, 11, 11, 11, 11, 11, 11, 11]","[24, 24, 24, 24, 24, 24, 24, 24, 24, 24, 24, 24]","[[462.1234436035156, 248.64938354492188, 527.58740234375, 350.1239013671875], [409.14495849609375, 134.4518280029297, 501.1568603515625, 186.09556579589844], [116.67163848876953, 206.43365478515625, 204.1984405517578, 267.2130126953125], [356.67510986328125, 101.52742004394531, 470.83135986328125, 154.98617553710938], [60.49647521972656, 154.038330078125, 135.57559204101562, 194.94046020507812], [303.68829345703125, 188.47946166992188, 422.9171142578125, 312.7973327636719], [169.35531616210938, 88.24853515625, 229.70816040039062, 171.76036071777344], [276.5694580078125, 175.4869384765625, 368.67401123046875, 313.80938720703125], [61.43671798706055, 71.97530364990234, 103.65917205810547, 130.75587463378906]]","[11.0, 11.0, 11.0, 11.0, 11.0, 11.0, 11.0, 11.0, 11.0]","[0.8830488920211792, 0.8128196001052856, 0.7855836749076843, 0.7713470458984375, 0.7433368563652039, 0.7333914041519165, 0.6702471375465393, 0.631112813949585, 0.3111923635005951]"
/home/vislab-001/Jared/CS534-Team-3-AI-Project/data/PlantDoc_ObjectDetection/test/images/potato-early-blight-alternaria-alternata-lesion-on-a-potato-leaf-a1w1em_jpg.rf.f01e6408169c03aa8bf4a0224b5348a8.jpg,"[[0.5636672325976231, 0.48518518518518516, 0.8726655348047538, 0.6518518518518519], [0.14091680814940577, 0.6185185185185185, 0.26485568760611206, 0.35555555555555557]]","[6, 6]","[12, 12]","[[84.70144653320312, 83.96363067626953, 588.7349853515625, 436.9425354003906], [0.0, 251.54937744140625, 162.6575927734375, 425.9867858886719]]","[6.0, 6.0]","[0.9453727602958679, 0.9080842137336731]"
/home/vislab-001/Jared/CS534-Team-3-AI-Project/data/PlantDoc_ObjectDetection/test/images/BIGSD_jpg.rf.1dc63802453fb77642018f5bda5c6f5b.jpg,"[[0.9244444444444444, 0.35968379446640314, 0.08888888888888889, 0.22134387351778656], [0.8255555555555556, 0.16600790513833993, 0.09555555555555556, 0.11067193675889328], [0.7144444444444444, 0.1976284584980237, 0.09555555555555556, 0.11067193675889328], [0.72, 0.32608695652173914, 0.06222222222222222, 0.1067193675889328], [0.8377777777777777, 0.3300395256916996, 0.09777777777777778, 0.1067193675889328], [0.7888888888888889, 0.5138339920948617, 0.06666666666666667, 0.1976284584980237]]","[11, 11, 11, 11, 11, 11]","[26, 26, 26, 26, 26, 26]","[[348.72412109375, 27.938318252563477, 388.98919677734375, 52.91294479370117], [340.13616943359375, 98.8927230834961, 368.9345397949219, 157.13656616210938]]","[11.0, 11.0]","[0.6814024448394775, 0.6511117815971375]"
/home/vislab-001/Jared/CS534-Team-3-AI-Project/data/PlantDoc_ObjectDetection/test/images/0605_Rust-induced_leafspot_jpg.rf.6b3660d3693bdb31f3d3d43b1a7c5265.jpg,"[[0.4472140762463343, 0.5106382978723404, 0.8592375366568915, 0.9148936170212766]]",[0],[2],"[[0.3907638490200043, 8.356170654296875, 304.7235412597656, 179.21694946289062]]",[0.0],[0.9392669200897217]
/home/vislab-001/Jared/CS534-Team-3-AI-Project/data/PlantDoc_ObjectDetection/test/images/phytophthora-infestans-late-blight-or-potato-blight-on-the-haulm-of-EHW1RD_jpg.rf.aae8384f4ced238b6bbbc9dbf30df381.jpg,"[[0.684393063583815, 0.2733812949640288, 0.5826589595375723, 0.302158273381295], [0.5924855491329479, 0.5176258992805756, 0.6069364161849711, 0.35899280575539566], [0.28670520231213875, 0.770863309352518, 0.4578034682080925, 0.3057553956834532], [0.1699421965317919, 0.09064748201438849, 0.3375722543352601, 0.17985611510791366]]","[6, 6, 6, 6]","[13, 13, 13, 13]","[[178.4947509765625, 455.9626770019531, 782.6932983398438, 956.0005493164062], [58.84337615966797, 860.2465209960938, 443.9876708984375, 1243.60888671875], [239.1168670654297, 0.07043945789337158, 726.627685546875, 148.34800720214844]]","[6.0, 6.0, 0.0]","[0.9469060897827148, 0.942582905292511, 0.30894023180007935]"
/home/vislab-001/Jared/CS534-Team-3-AI-Project/data/PlantDoc_ObjectDetection/test/images/4120978-single-green-leaf-of-apple-tree_jpg.rf.544585888de4ef9e6102152dadd781d1.jpg,"[[0.51625, 0.5328282828282829, 0.845, 0.7895622895622896]]",[0],[1],"[[45.894622802734375, 64.34013366699219, 760.3709716796875, 558.0505981445312]]",[0.0],[0.9397116899490356]
/home/vislab-001/Jared/CS534-Team-3-AI-Project/data/PlantDoc_ObjectDetection/test/images/17fc47_jpg.rf.b1e449135756800eb9b6531da6d44d1e.jpg,"[[0.8313802083333334, 0.11474609375, 0.3372395833333333, 0.1201171875], [0.5247395833333334, 0.14990234375, 0.16145833333333334, 0.1005859375], [0.7584635416666666, 0.33740234375, 0.18880208333333334, 0.2431640625], [0.3352864583333333, 0.478515625, 0.21744791666666666, 0.2265625], [0.4733072916666667, 0.41357421875, 0.23567708333333334, 0.2412109375], [0.6328125, 0.39013671875, 0.17708333333333334, 0.2626953125]]","[11, 11, 11, 11, 11, 11]","[25, 25, 25, 25, 25, 25]","[[219.28173828125, 653.9362182617188, 378.2975769042969, 780.7565307617188], [410.1299743652344, 232.91246032714844, 549.19189453125, 551.1105346679688], [557.9677124023438, 47.210723876953125, 767.74609375, 184.79617309570312], [596.1478881835938, 183.12643432617188, 768.0, 476.0926208496094], [123.6699447631836, 339.27069091796875, 332.4104919433594, 590.4674072265625], [296.69110107421875, 74.29314422607422, 394.8548278808594, 210.9315185546875], [177.00314331054688, 589.3947143554688, 420.2671813964844, 681.8922119140625], [245.77822875976562, 260.4860534667969, 442.7352600097656, 519.452392578125], [344.3550720214844, 0.02971191518008709, 540.57470703125, 110.10051727294922], [517.5841674804688, 0.0, 664.9521484375, 182.65032958984375], [536.2709350585938, 667.5944213867188, 631.0133056640625, 789.556640625], [344.5572204589844, 229.0908660888672, 438.18902587890625, 295.614013671875], [12.032999038696289, 340.81207275390625, 99.77306365966797, 416.95703125]]","[11.0, 11.0, 11.0, 11.0, 11.0, 11.0, 11.0, 11.0, 11.0, 11.0, 11.0, 11.0, 11.0]","[0.8808920383453369, 0.8781592845916748, 0.8549283146858215, 0.8475549221038818, 0.8374172449111938, 0.8349449634552002, 0.8264189958572388, 0.8004823327064514, 0.6770756840705872, 0.6320075988769531, 0.5842790603637695, 0.5586486458778381, 0.2877386808395386]"
/home/vislab-001/Jared/CS534-Team-3-AI-Project/data/PlantDoc_ObjectDetection/test/images/irish-blight-symptoms-on-potato-leaves-atmf8b_jpg.rf.254e889fd637ab9ea268bdeab989297a.jpg,"[[0.4109375, 0.6430205949656751, 0.375, 0.6041189931350115]]",[6],[13],"[[152.19711303710938, 151.96180725097656, 379.6032409667969, 410.159912109375]]",[6.0],[0.8351056575775146]
/home/vislab-001/Jared/CS534-Team-3-AI-Project/data/PlantDoc_ObjectDetection/test/images/185161-004-EAF28842_jpg.rf.53600a8f3d13bf089c3d2b7d82dc6f3d.jpg,"[[0.4988207547169811, 0.4988888888888889, 0.9929245283018868, 0.9933333333333333]]",[0],[2],"[[11.450586318969727, 4.083051681518555, 423.6626892089844, 448.9587097167969]]",[12.0],[0.838030993938446]
/home/vislab-001/Jared/CS534-Team-3-AI-Project/data/PlantDoc_ObjectDetection/test/images/20180511_090912-14gtw8a-e1526047952754_jpg.rf.1de82fc329323d24df3845ae0a5fd876.jpg,"[[0.3908969210174029, 0.46536144578313254, 0.7603748326639893, 0.4454066265060241], [0.3435408299866131, 0.14015436746987953, 0.4534805890227577, 0.14439006024096385]]","[0, 0]","[1, 1]","[[600.5022583007812, 1264.8223876953125, 2243.607666015625, 3636.562744140625], [203.45120239257812, 292.9912414550781, 1702.58837890625, 1047.0723876953125]]","[0.0, 0.0]","[0.9310809969902039, 0.8104800581932068]"
/home/vislab-001/Jared/CS534-Team-3-AI-Project/data/PlantDoc_ObjectDetection/test/images/black_leaf_mold_in_zina_tina_jpg.rf.3e3edbcc68557485f33ae46c3e881f89.jpg,"[[0.9327777777777778, 0.44814814814814813, 0.13444444444444445, 0.44], [0.3477777777777778, 0.47333333333333333, 0.3, 0.34814814814814815], [0.6844444444444444, 0.28888888888888886, 0.20444444444444446, 0.5511111111111111]]","[11, 11, 11]","[26, 26, 26]","[[523.8140258789062, 40.93330001831055, 725.3735961914062, 398.76971435546875], [177.92774963378906, 193.64630126953125, 424.1915588378906, 433.7549133300781], [766.1008911132812, 139.83372497558594, 900.0, 467.79443359375]]","[11.0, 11.0, 11.0]","[0.5859010219573975, 0.5090762972831726, 0.27363723516464233]"
/home/vislab-001/Jared/CS534-Team-3-AI-Project/data/PlantDoc_ObjectDetection/test/images/potato-late-blight_jpg.rf.b752c421c4fcbb265e2487f11ead475a.jpg,"[[0.5438775510204081, 0.31025641025641026, 0.29591836734693877, 0.441025641025641]]",[6],[13],"[[198.0003204345703, 36.81465530395508, 339.6861877441406, 208.79629516601562], [111.45101165771484, 232.34725952148438, 298.25653076171875, 384.4947509765625], [16.992094039916992, 244.08905029296875, 110.9765625, 382.1122131347656], [96.0904312133789, 5.249419212341309, 249.281494140625, 215.12632751464844]]","[6.0, 6.0, 6.0, 6.0]","[0.9159790873527527, 0.5862094759941101, 0.29032599925994873, 0.26306992769241333]"
/home/vislab-001/Jared/CS534-Team-3-AI-Project/data/PlantDoc_ObjectDetection/test/images/Tomato-Mosaic-1wdr2jx-300x225_jpg.rf.e09a37f2ed27655405e5e469896b7cdc.jpg,"[[0.5038461538461538, 0.5072463768115942, 0.9769230769230769, 0.9565217391304348]]",[11],[24],"[[0.18519781529903412, 0.7155618071556091, 130.0, 67.0625228881836]]",[11.0],[0.8541911244392395]
/home/vislab-001/Jared/CS534-Team-3-AI-Project/data/PlantDoc_ObjectDetection/test/images/apple-leaf-closeup-37636177_jpg.rf.fc331b95cc97bf86fb9966e7466c16e8.jpg,"[[0.4530769230769231, 0.4723092998955068, 0.7046153846153846, 0.8359456635318704]]",[0],[1],"[[126.20008850097656, 54.105648040771484, 1061.88720703125, 854.4276733398438]]",[0.0],[0.9419870972633362]
/home/vislab-001/Jared/CS534-Team-3-AI-Project/data/PlantDoc_ObjectDetection/test/images/70_jpg.rf.f059da48ff9cd91d6d3632d1b966620b.jpg,"[[0.4806122448979592, 0.5030487804878049, 0.5122448979591837, 0.9857723577235772]]",[11],[23],"[[118.30693817138672, 26.302379608154297, 365.7391662597656, 491.3628234863281]]",[11.0],[0.8374919295310974]
/home/vislab-001/Jared/CS534-Team-3-AI-Project/data/PlantDoc_ObjectDetection/test/images/636227737977191231-septoria-leaf-spot-VT_jpg.rf.27f9d6591e877f752e797670e7d10d69.jpg,"[[0.23689138576779026, 0.8728179551122195, 0.29775280898876405, 0.24438902743142144], [0.15917602996254682, 0.6234413965087282, 0.20599250936329588, 0.5386533665835411], [0.797752808988764, 0.5623441396508728, 0.3333333333333333, 0.685785536159601], [0.3857677902621723, 0.39900249376558605, 0.25842696629213485, 0.33915211970074816]]","[11, 11, 11, 11]","[20, 20, 20, 20]","[[338.6897888183594, 80.70430755615234, 511.3811950683594, 395.33221435546875], [130.90670776367188, 91.95259094238281, 270.3211975097656, 222.6959686279297], [64.8630142211914, 162.88937377929688, 149.3640594482422, 252.9411163330078]]","[11.0, 11.0, 11.0]","[0.9151433110237122, 0.31236764788627625, 0.2765747010707855]"
/home/vislab-001/Jared/CS534-Team-3-AI-Project/data/PlantDoc_ObjectDetection/test/images/0_jpg.rf.94dc584ac451075da43cb853434ad369.jpg,"[[0.6645833333333333, 0.5402777777777777, 0.3125, 0.325], [0.31354166666666666, 0.5402777777777777, 0.34375, 0.325]]","[11, 11]","[20, 20]","[[70.59654235839844, 140.1688232421875, 234.89309692382812, 252.6099853515625], [243.34954833984375, 140.131103515625, 393.0562744140625, 254.30186462402344], [395.2127380371094, 130.67984008789062, 453.9372253417969, 215.26412963867188]]","[11.0, 11.0, 11.0]","[0.9394619464874268, 0.9216890335083008, 0.7571401596069336]"
/home/vislab-001/Jared/CS534-Team-3-AI-Project/data/PlantDoc_ObjectDetection/test/images/tylcv-seminar-1-638_jpg.rf.95cf684b8241ca57e9c660489a49e379.jpg,"[[0.10658307210031348, 0.627348643006263, 0.11912225705329153, 0.11064718162839249], [0.2797805642633229, 0.569937369519833, 0.13949843260188088, 0.09603340292275574], [0.15752351097178682, 0.430062630480167, 0.0768025078369906, 0.17536534446764093], [0.7907523510971787, 0.7526096033402923, 0.18025078369905956, 0.16075156576200417], [0.762539184952978, 0.5720250521920668, 0.18025078369905956, 0.15866388308977036]]","[11, 11, 11, 11, 11]","[25, 25, 25, 25, 25]","[[422.88507080078125, 233.47235107421875, 565.41259765625, 314.9833679199219], [74.7020034790039, 169.03631591796875, 130.2080535888672, 245.64132690429688], [446.00518798828125, 318.4326171875, 592.0945434570312, 404.5295104980469], [131.75180053710938, 256.1892395019531, 219.04066467285156, 298.5022888183594], [134.5915985107422, 349.28961181640625, 165.00595092773438, 379.70074462890625]]","[11.0, 11.0, 11.0, 11.0, 11.0]","[0.8935102224349976, 0.8710368275642395, 0.8638778328895569, 0.7737692594528198, 0.37881699204444885]"
/home/vislab-001/Jared/CS534-Team-3-AI-Project/data/PlantDoc_ObjectDetection/test/images/052609-20Hartman-20Crabapple-20scab-20single-20leaf_JPG_jpg.rf.a9fb2e32472a221a289c3326933f9762.jpg,"[[0.5090725806451613, 0.46839080459770116, 0.8528225806451613, 0.7011494252873564]]",[0],[0],"[[31.644447326660156, 54.3245964050293, 463.073486328125, 288.5977783203125]]",[0.0],[0.9653921127319336]
/home/vislab-001/Jared/CS534-Team-3-AI-Project/data/PlantDoc_ObjectDetection/test/images/brleaf2_zoom_jpg.rf.7741513e70ac586bc258bffe9e4390ef.jpg,"[[0.5027777777777778, 0.48592592592592593, 0.6677777777777778, 0.96]]",[12],[29],"[[121.01869201660156, 3.6437273025512695, 782.296630859375, 673.2372436523438]]",[12.0],[0.9462563395500183]
/home/vislab-001/Jared/CS534-Team-3-AI-Project/data/PlantDoc_ObjectDetection/test/images/early-blight-alternaria-alternata-leaf-spotting-on-potato-leaf-X91XJE_jpg.rf.a122b507b9d6b2b3bb1e43cb63c542d0.jpg,"[[0.5134615384615384, 0.4733110925771476, 0.9730769230769231, 0.6080066722268557]]",[6],[12],"[[12.924423217773438, 207.719482421875, 1300.0, 933.6824340820312]]",[6.0],[0.973246157169342]
/home/vislab-001/Jared/CS534-Team-3-AI-Project/data/PlantDoc_ObjectDetection/test/images/latest-cb-20100621160325_jpg.rf.8937776e8b12ba49d9d8165c06a05bbe.jpg,"[[0.4990566037735849, 0.5878571428571429, 0.9377358490566038, 0.8242857142857143]]",[12],[28],"[[12.066597938537598, 106.3332748413086, 518.5565795898438, 697.157958984375]]",[12.0],[0.9579962491989136]
/home/vislab-001/Jared/CS534-Team-3-AI-Project/data/PlantDoc_ObjectDetection/test/images/dscn3175_jpg.rf.9cf7783c3ec23c4f4afc920c1a334910.jpg,"[[0.529320987654321, 0.5100308641975309, 0.18441358024691357, 0.6126543209876543], [0.28935185185185186, 0.3397633744855967, 0.08564814814814815, 0.3647119341563786], [0.3256172839506173, 0.1154835390946502, 0.10493827160493827, 0.22170781893004116], [0.14988425925925927, 0.7739197530864198, 0.16087962962962962, 0.4521604938271605], [0.8734567901234568, 0.5995370370370371, 0.2507716049382716, 0.6013374485596708], [0.8130787037037037, 0.11368312757201646, 0.23881172839506173, 0.205761316872428]]","[11, 11, 11, 11, 11, 11]","[19, 19, 19, 19, 19, 19]","[[1097.5499267578125, 384.4050598144531, 1635.7122802734375, 1623.91259765625], [1578.1298828125, 813.9124755859375, 1907.411376953125, 1639.502685546875], [1486.07421875, 0.37520715594291687, 2426.6240234375, 451.6744384765625], [719.1134643554688, 0.4489322900772095, 1016.81884765625, 461.2562561035156], [19.289039611816406, 274.4278564453125, 661.051513671875, 1944.0]]","[11.0, 11.0, 11.0, 11.0, 11.0]","[0.9138716459274292, 0.7814537882804871, 0.45327651500701904, 0.3407978117465973, 0.33932480216026306]"
/home/vislab-001/Jared/CS534-Team-3-AI-Project/data/PlantDoc_ObjectDetection/test/images/99e886623c2080c22f6519b0e708c531_jpg.rf.ba41425df73c1472a13a7acac1385cb6.jpg,"[[0.38941176470588235, 0.5897887323943662, 0.36470588235294116, 0.8204225352112676], [0.6776470588235294, 0.3204225352112676, 0.32941176470588235, 0.6267605633802817]]","[0, 0]","[2, 2]","[[82.78870391845703, 50.882896423339844, 236.82369995117188, 279.7929992675781], [213.7466583251953, 1.3672173023223877, 345.27398681640625, 179.12709045410156]]","[0.0, 0.0]","[0.9584498405456543, 0.9131033420562744]"
/home/vislab-001/Jared/CS534-Team-3-AI-Project/data/PlantDoc_ObjectDetection/test/images/bugs-and-blight-061_jpg.rf.a57121b58b5021e5ed1c0156de75bfad.jpg,"[[0.43478260869565216, 0.7148033126293996, 0.18090062111801242, 0.28778467908902694], [0.6026785714285714, 0.5424430641821946, 0.12616459627329193, 0.2991718426501035], [0.4439052795031056, 0.47696687370600416, 0.14324534161490685, 0.13612836438923395], [0.4644798136645963, 0.3558488612836439, 0.16032608695652173, 0.11024844720496894]]","[11, 11, 11, 11]","[19, 19, 19, 19]","[[837.6721801757812, 1110.678466796875, 1324.4976806640625, 1687.26318359375], [1414.253662109375, 805.8939819335938, 1712.8026123046875, 1355.3087158203125], [418.0456848144531, 967.7576293945312, 875.5850219726562, 1319.4818115234375], [129.4010772705078, 438.0275573730469, 443.24127197265625, 1013.4952392578125], [904.3732299804688, 570.921630859375, 1414.5888671875, 822.4146728515625], [862.0467529296875, 0.39148494601249695, 1136.8896484375, 226.10031127929688], [1262.5469970703125, 284.490478515625, 1483.8836669921875, 549.6268920898438]]","[11.0, 11.0, 11.0, 11.0, 11.0, 11.0, 11.0]","[0.927757203578949, 0.9120391607284546, 0.8378446698188782, 0.8344832062721252, 0.7295406460762024, 0.48500579595565796, 0.2802537977695465]"
/home/vislab-001/Jared/CS534-Team-3-AI-Project/data/PlantDoc_ObjectDetection/test/images/Bacterial_spots563_jpg.rf.95cb38fca74dd6af32da52d30a565927.jpg,"[[0.595625, 0.4825, 0.80875, 0.875]]",[11],[22],"[[180.76515197753906, 4.80865478515625, 799.095458984375, 558.1140747070312], [0.29842376708984375, 58.60130310058594, 287.96258544921875, 463.3132629394531]]","[11.0, 11.0]","[0.9193685054779053, 0.7324203252792358]"
/home/vislab-001/Jared/CS534-Team-3-AI-Project/data/PlantDoc_ObjectDetection/test/images/636368370164094909-late-blight-15-_jpg.rf.3f5c8b56ad853369f0727d9cc4373a7a.jpg,"[[0.5861111111111111, 0.4740740740740741, 0.7092592592592593, 0.5432098765432098]]",[11],[23],"[[121.13981628417969, 83.89102172851562, 517.0086669921875, 296.4089050292969]]",[11.0],[0.8896546363830566]
/home/vislab-001/Jared/CS534-Team-3-AI-Project/data/PlantDoc_ObjectDetection/test/images/potatobd001_jpg.rf.95c1a7efd6b018c7fcc7c417aaa20564.jpg,"[[0.5130434782608696, 0.5833333333333334, 0.8695652173913043, 0.8333333333333334]]",[6],[12],"[[0.16064834594726562, 24.902637481689453, 224.1573944091797, 149.63436889648438], [0.0, 21.516305923461914, 227.70648193359375, 149.9083251953125]]","[6.0, 11.0]","[0.7846908569335938, 0.5181750655174255]"
/home/vislab-001/Jared/CS534-Team-3-AI-Project/data/PlantDoc_ObjectDetection/test/images/early-blight-septoria-ls-fig-3_jpg.rf.e126060c4ba5d8fce30035c5ff0d8867.jpg,"[[0.7233333333333334, 0.30266666666666664, 0.412, 0.6035555555555555], [0.358, 0.62, 0.4613333333333333, 0.76]]","[11, 11]","[20, 20]","[[803.9102783203125, 0.12073516845703125, 1405.4241943359375, 663.8644409179688], [491.77947998046875, 259.7252502441406, 920.3472900390625, 1006.063720703125], [153.39825439453125, 361.2197265625, 863.5369262695312, 1124.3043212890625]]","[11.0, 11.0, 11.0]","[0.9163498282432556, 0.86436527967453, 0.3396708071231842]"
/home/vislab-001/Jared/CS534-Team-3-AI-Project/data/PlantDoc_ObjectDetection/test/images/D-29AlfMov_jpg.rf.a438d1930dd085d593708fe022debcc5.jpg,"[[0.17875, 0.47791798107255523, 0.2875, 0.8738170347003155], [0.5325, 0.5189274447949527, 0.335, 0.8296529968454258], [0.865, 0.5063091482649842, 0.19, 0.6277602523659306]]","[11, 11, 11]","[24, 24, 24]","[[10.844612121582031, 9.279651641845703, 132.71273803710938, 298.3494567871094], [144.46861267089844, 23.853740692138672, 283.6001892089844, 305.61962890625], [301.5381164550781, 53.46921920776367, 390.1287536621094, 253.00225830078125]]","[11.0, 11.0, 11.0]","[0.9202994704246521, 0.9108949303627014, 0.8915038108825684]"
/home/vislab-001/Jared/CS534-Team-3-AI-Project/data/PlantDoc_ObjectDetection/test/images/1684_jpg.rf.9e484a840348050d74f7998685b22cc6.jpg,"[[0.7717584369449378, 0.43106180665610144, 0.38898756660746003, 0.4152139461172742], [0.4502664298401421, 0.2583201267828843, 0.33570159857904086, 0.5134706814580031], [0.302841918294849, 0.5380348652931854, 0.5026642984014209, 0.277337559429477], [0.27087033747779754, 0.8486529318541997, 0.5239786856127886, 0.21077654516640254], [0.7770870337477798, 0.8518225039619651, 0.4103019538188277, 0.21711568938193343]]","[11, 11, 11, 11, 11]","[21, 21, 21, 21, 21]","[[319.7832336425781, 149.7212677001953, 546.6886596679688, 411.138916015625], [162.28219604492188, 0.0, 354.3010559082031, 329.2624816894531]]","[11.0, 11.0]","[0.9172804951667786, 0.8968106508255005]"
/home/vislab-001/Jared/CS534-Team-3-AI-Project/data/PlantDoc_ObjectDetection/test/images/1234080-Early-Blight_jpg.rf.7469b645518cc644160fb3e2dd7616ba.jpg,"[[0.5670572916666666, 0.486328125, 0.6653645833333334, 0.7486979166666666]]",[11],[19],"[[153.1385040283203, 96.64468383789062, 697.680908203125, 691.14990234375]]",[11.0],[0.9296728372573853]
/home/vislab-001/Jared/CS534-Team-3-AI-Project/data/PlantDoc_ObjectDetection/test/images/Tomato59_JPG_jpg.rf.83fd4beab551406e6851c37c3823e614.jpg,"[[0.6509375, 0.2925311203319502, 0.136875, 0.2697095435684647], [0.2340625, 0.34190871369294606, 0.279375, 0.2024896265560166], [0.80125, 0.26141078838174275, 0.1525, 0.23734439834024895], [0.3565625, 0.204149377593361, 0.071875, 0.13941908713692946], [0.2959375, 0.21991701244813278, 0.115625, 0.1045643153526971], [0.823125, 0.8850622406639004, 0.18875, 0.21161825726141079], [0.6928125, 0.8560165975103734, 0.128125, 0.2829875518672199], [0.22375, 0.6058091286307054, 0.1675, 0.08464730290456432], [0.40125, 0.7128630705394191, 0.20375, 0.11452282157676348], [0.4790625, 0.8759336099585062, 0.178125, 0.1950207468879668]]","[11, 11, 11, 11, 11, 11, 11, 11, 11, 11]","[21, 21, 21, 21, 21, 21, 21, 21, 21, 21]","[[363.6372375488281, 977.44677734375, 567.178466796875, 1190.911376953125]]",[11.0],[0.7031184434890747]
/home/vislab-001/Jared/CS534-Team-3-AI-Project/data/PlantDoc_ObjectDetection/test/images/vitis-riparia-le-ahaines-b_jpg.rf.1d08b9f2b4bbc19d9f3bcf6c472c966c.jpg,"[[0.433, 0.5172413793103449, 0.714, 0.7487684729064039], [0.778, 0.8300492610837439, 0.264, 0.3399014778325123]]","[12, 12]","[28, 28]","[[94.40927124023438, 91.986083984375, 797.2633056640625, 749.4561157226562], [686.995849609375, 526.2703857421875, 916.4052734375, 810.5972290039062], [22.917640686035156, 715.5175170898438, 115.007080078125, 811.847412109375], [0.059473514556884766, 701.2578735351562, 30.072778701782227, 810.8800659179688]]","[12.0, 12.0, 2.0, 2.0]","[0.938710629940033, 0.8875116109848022, 0.6149070262908936, 0.30685222148895264]"
/home/vislab-001/Jared/CS534-Team-3-AI-Project/data/PlantDoc_ObjectDetection/test/images/tmv-tomato-34_jpg.rf.a006a837713241c4760cc4f690427052.jpg,"[[0.08196271929824561, 0.7388523391812866, 0.15789473684210525, 0.34612573099415206], [0.837171052631579, 0.333516081871345, 0.31853070175438597, 0.5544590643274854], [0.6278782894736842, 0.5085891812865497, 0.5068530701754386, 0.6019736842105263]]","[11, 11, 11]","[24, 24, 24]","[[0.0, 1445.3294677734375, 521.3814086914062, 2516.164794921875], [1411.7198486328125, 548.7713012695312, 3269.23583984375, 2161.6181640625]]","[11.0, 11.0]","[0.6303569674491882, 0.5977883338928223]"
/home/vislab-001/Jared/CS534-Team-3-AI-Project/data/PlantDoc_ObjectDetection/test/images/816_jpg.rf.e735367aa4e04fe1b91ebff897b28484.jpg,"[[0.3333333333333333, 0.38727272727272727, 0.3393939393939394, 0.6945454545454546], [0.6863636363636364, 0.3890909090909091, 0.31212121212121213, 0.6836363636363636]]","[0, 0]","[0, 0]","[[166.40164184570312, 21.68375587463379, 273.6740417480469, 206.3755645751953], [51.730194091796875, 9.769935607910156, 165.1588897705078, 201.68528747558594]]","[0.0, 0.0]","[0.9296645522117615, 0.9247088432312012]"
/home/vislab-001/Jared/CS534-Team-3-AI-Project/data/PlantDoc_ObjectDetection/test/images/1b321015-6e33-4f18-aade-888f4383fe92_jpeg_jpg.rf.5c77e962dda24b77c33a4b0a91cd32af.jpg,"[[0.5592447916666666, 0.5175097276264592, 0.5768229166666666, 0.6731517509727627]]",[0],[0],"[[195.5288848876953, 108.95936584472656, 648.0515747070312, 439.598388671875], [198.15345764160156, 108.09272766113281, 649.3926391601562, 438.54156494140625]]","[0.0, 6.0]","[0.6831774711608887, 0.48808133602142334]"
/home/vislab-001/Jared/CS534-Team-3-AI-Project/data/PlantDoc_ObjectDetection/test/images/20130519cedarapplerust_jpg.rf.bfef90b47bccf4d40c90a0d514c24456.jpg,"[[0.47130434782608693, 0.4953596287703016, 0.9391304347826087, 0.9767981438515081]]",[0],[2],"[[0.8919668793678284, 2.133295774459839, 540.0222778320312, 428.4045104980469]]",[0.0],[0.9691567420959473]
/home/vislab-001/Jared/CS534-Team-3-AI-Project/data/PlantDoc_ObjectDetection/test/images/28-500x375_jpg.rf.88cca514d857927d89eada989ffee204.jpg,"[[0.609, 0.48, 0.622, 0.7626666666666667], [0.242, 0.644, 0.28, 0.3973333333333333]]","[0, 0]","[0, 0]","[[150.43621826171875, 43.870758056640625, 454.7318115234375, 316.2510681152344]]",[0.0],[0.9522742629051208]
/home/vislab-001/Jared/CS534-Team-3-AI-Project/data/PlantDoc_ObjectDetection/test/images/02_-Rust-2017-207u24s_jpg.rf.f1a95c4ac228e45d9b83a977e967d31e.jpg,"[[0.6370481927710844, 0.45532128514056225, 0.6378012048192772, 0.6937751004016064]]",[0],[2],"[[1574.5389404296875, 229.95164489746094, 5303.87646484375, 2425.310791015625], [1584.0374755859375, 262.58123779296875, 5312.0, 2441.13623046875]]","[0.0, 11.0]","[0.6248178482055664, 0.35281670093536377]"
/home/vislab-001/Jared/CS534-Team-3-AI-Project/data/PlantDoc_ObjectDetection/test/images/apple-scab-5366820_jpg.rf.72e45867d16d14736861803890774236.jpg,"[[0.5293478260869565, 0.5844504021447721, 0.758695652173913, 0.49865951742627346]]",[0],[0],"[[80.28955841064453, 124.02942657470703, 450.8872985839844, 317.228271484375]]",[0.0],[0.9430917501449585]
/home/vislab-001/Jared/CS534-Team-3-AI-Project/data/PlantDoc_ObjectDetection/test/images/DSCN7317_JPG_jpg.rf.93c155a28060f4ead09163527be1fb3a.jpg,"[[0.4826797385620915, 0.5084375, 0.8777777777777778, 0.901875]]",[12],[28],"[[26.03271484375, 1.21826171875, 1424.613037109375, 1576.054931640625]]",[12.0],[0.9448073506355286]
/home/vislab-001/Jared/CS534-Team-3-AI-Project/data/PlantDoc_ObjectDetection/test/images/LateBlight04_jpg.rf.c7ea6a10db8d7429ebda30dc17005492.jpg,"[[0.7185714285714285, 0.5450643776824035, 0.36857142857142855, 0.3948497854077253], [0.9442857142857143, 0.4699570815450644, 0.11142857142857143, 0.5021459227467812], [0.7585714285714286, 0.7703862660944206, 0.2885714285714286, 0.19313304721030042]]","[6, 6, 6]","[13, 13, 13]","[[193.86558532714844, 82.64199829101562, 309.601806640625, 165.50038146972656], [0.0, 86.51570892333984, 146.52642822265625, 182.9911346435547]]","[6.0, 6.0]","[0.9211868047714233, 0.6920303702354431]"
/home/vislab-001/Jared/CS534-Team-3-AI-Project/data/PlantDoc_ObjectDetection/test/images/2septoria-tomato_jpg.rf.a3f2818b80dbb06b7b8d6f0588492164.jpg,"[[0.39767441860465114, 0.4862068965517241, 0.6697674418604651, 0.8758620689655172], [0.6988372093023256, 0.6637931034482759, 0.47674418604651164, 0.6103448275862069]]","[11, 11]","[20, 20]","[[5.4888997077941895, 9.98716926574707, 315.461669921875, 275.4951477050781], [197.44189453125, 101.63257598876953, 402.8753967285156, 282.3105773925781]]","[11.0, 11.0]","[0.9295992851257324, 0.9263294339179993]"
/home/vislab-001/Jared/CS534-Team-3-AI-Project/data/PlantDoc_ObjectDetection/test/images/tomato_early-blight_01_zoom_jpg.rf.af9558071e678f5c4ada230b95aef27f.jpg,"[[0.45525291828793774, 0.5224867724867724, 0.4046692607003891, 0.5158730158730159], [0.7490272373540856, 0.25925925925925924, 0.3229571984435798, 0.5132275132275133], [0.22762645914396887, 0.7447089947089947, 0.3852140077821012, 0.46296296296296297]]","[11, 11, 11]","[19, 19, 19]","[[62.72063446044922, 102.36845397949219, 168.8998260498047, 291.8035583496094], [88.68336486816406, 2.202749252319336, 140.67991638183594, 115.08058166503906], [5.48892068862915, 197.92933654785156, 104.32428741455078, 327.2181396484375], [149.39158630371094, 0.028839111328125, 241.7185516357422, 186.08670043945312]]","[11.0, 11.0, 11.0, 11.0]","[0.8789947032928467, 0.8609749674797058, 0.7527592778205872, 0.30850306153297424]"
/home/vislab-001/Jared/CS534-Team-3-AI-Project/data/PlantDoc_ObjectDetection/test/images/IMG_5808_jpg.rf.7ed17f6b1f5fbf1d3cf14d709993ccca.jpg,"[[0.611, 0.44233333333333336, 0.5315, 0.8186666666666667]]",[11],[23],"[[0.5939483642578125, 6.623268127441406, 1718.8873291015625, 2995.9091796875], [1490.71875, 52.71568298339844, 3462.06884765625, 2874.056640625], [3595.505615234375, 1018.1513671875, 4000.0, 3000.0]]","[11.0, 11.0, 11.0]","[0.9202601313591003, 0.8534150123596191, 0.2882626950740814]"
/home/vislab-001/Jared/CS534-Team-3-AI-Project/data/PlantDoc_ObjectDetection/test/images/potato-blight-phytophthora-infestans-close-up-of-upper-surface-of-BMMRXC_jpg.rf.6bdbd6977aa5aae4228c5c50d2ca6c3b.jpg,"[[0.46576923076923077, 0.4895397489539749, 0.8407692307692308, 0.6694560669456067]]",[6],[12],"[[149.6669464111328, 142.66871643066406, 1167.330078125, 791.9169311523438], [146.4462890625, 140.4867706298828, 1168.1708984375, 790.205078125]]","[8.0, 6.0]","[0.3130554258823395, 0.25152352452278137]"
/home/vislab-001/Jared/CS534-Team-3-AI-Project/data/PlantDoc_ObjectDetection/test/images/20130610_110514_jpg.rf.cde4818555323b7baffe20c3886025ab.jpg,"[[0.5676062091503268, 0.38817401960784315, 0.8647875816993464, 0.5986519607843137]]",[0],[2],"[[418.8692321777344, 423.0489501953125, 2890.74560546875, 2251.060546875], [0.06139983981847763, 0.21213683485984802, 432.0980224609375, 1682.6304931640625]]","[0.0, 0.0]","[0.9617271423339844, 0.49035266041755676]"
/home/vislab-001/Jared/CS534-Team-3-AI-Project/data/PlantDoc_ObjectDetection/test/images/LateBlt09_06_jpg.rf.4e7f44f2c62af8e679bf830e9fe52d7d.jpg,"[[0.465, 0.5914179104477612, 0.38, 0.8171641791044776]]",[11],[23],"[[146.21205139160156, 52.946624755859375, 254.2823486328125, 266.920654296875], [110.58885192871094, 51.09074401855469, 197.35812377929688, 128.20077514648438], [0.0006198883056640625, 50.725059509277344, 50.91035842895508, 205.19381713867188]]","[11.0, 11.0, 6.0]","[0.8519259095191956, 0.5825193524360657, 0.2969413697719574]"
/home/vislab-001/Jared/CS534-Team-3-AI-Project/data/PlantDoc_ObjectDetection/test/images/Black-20rot-20on-20foliage_jpg.rf.2ed37504e5c0ba8eb8d8cd24dc7ab906.jpg,"[[0.4056603773584906, 0.4968553459119497, 0.809433962264151, 0.8477987421383648]]",[12],[29],"[[0.5244522094726562, 52.44736862182617, 894.5615844726562, 795.0]]",[12.0],[0.9386381506919861]
/home/vislab-001/Jared/CS534-Team-3-AI-Project/data/PlantDoc_ObjectDetection/test/images/tomato_V8_jpg.rf.72539f2761c20b8d8500058583ad5de4.jpg,"[[0.32571428571428573, 0.275, 0.5885714285714285, 0.5038461538461538], [0.5014285714285714, 0.7269230769230769, 0.9457142857142857, 0.5076923076923077]]","[11, 11]","[22, 22]","[[2.7988624572753906, 10.901960372924805, 225.3867950439453, 127.57011413574219], [8.219413757324219, 131.86106872558594, 343.4444580078125, 249.42567443847656]]","[11.0, 11.0]","[0.9304538369178772, 0.9070684313774109]"
/home/vislab-001/Jared/CS534-Team-3-AI-Project/data/PlantDoc_ObjectDetection/test/images/grape-leaf-14309623_jpg.rf.5bb9affc9928849c180a7a86fd172923.jpg,"[[0.4788166544923302, 0.5003846153846154, 0.760409057706355, 0.8207692307692308]]",[12],[28],"[[101.85313415527344, 60.08919143676758, 1262.46337890625, 1196.1650390625]]",[12.0],[0.9516263604164124]
/home/vislab-001/Jared/CS534-Team-3-AI-Project/data/PlantDoc_ObjectDetection/test/images/07_17_18-Common_Tomato_Diseases_Canker-258x300_jpg.rf.a0d5fcd5473162b82bfb860c56710ef6.jpg,"[[0.49806201550387597, 0.48833333333333334, 0.8255813953488372, 0.9166666666666666]]",[11],[22],"[[16.271923065185547, 0.0, 233.84603881835938, 282.3415222167969]]",[11.0],[0.9232897162437439]
/home/vislab-001/Jared/CS534-Team-3-AI-Project/data/PlantDoc_ObjectDetection/test/images/ill-tomato-of-tomato-mosaic-virus-DBE17N_jpg.rf.d8e1b8cc53cfe66c00e6053a7cc5ee29.jpg,"[[0.1803846153846154, 0.6150627615062761, 0.15, 0.25732217573221755], [0.7523076923076923, 0.8111924686192469, 0.09846153846153846, 0.20815899581589958], [0.8288461538461539, 0.5978033472803347, 0.10076923076923076, 0.19142259414225943], [0.31576923076923075, 0.22018828451882846, 0.11923076923076924, 0.2290794979079498], [0.20423076923076924, 0.3540794979079498, 0.33, 0.18305439330543932], [0.43153846153846154, 0.5235355648535565, 0.21076923076923076, 0.34414225941422594]]","[11, 11, 11, 11, 11, 11]","[24, 24, 24, 24, 24, 24]","[[901.7603149414062, 665.4442749023438, 1064.4136962890625, 862.7078247070312], [331.9021911621094, 83.52935791015625, 478.5174865722656, 363.26824951171875], [1018.4268798828125, 465.4981994628906, 1152.100341796875, 668.1463623046875], [163.89906311035156, 589.0076904296875, 344.7784423828125, 865.97216796875], [61.13273239135742, 241.22427368164062, 424.7661437988281, 414.0791320800781], [462.1900939941406, 2.3886117935180664, 725.3584594726562, 110.11410522460938]]","[11.0, 1.0, 11.0, 1.0, 1.0, 1.0]","[0.907839834690094, 0.9004889130592346, 0.8085674047470093, 0.7459599375724792, 0.691466212272644, 0.3403589427471161]"
/home/vislab-001/Jared/CS534-Team-3-AI-Project/data/PlantDoc_ObjectDetection/test/images/grapevine-leaf-7466071_jpg.rf.644470c05407c38765db87a223a58ece.jpg,"[[0.4671862182116489, 0.5588461538461539, 0.7128794093519278, 0.6684615384615384]]",[12],[28],"[[136.10763549804688, 300.0699462890625, 995.9894409179688, 1162.397705078125]]",[12.0],[0.9445341229438782]
/home/vislab-001/Jared/CS534-Team-3-AI-Project/data/PlantDoc_ObjectDetection/test/images/glyphosate_jpg.rf.0b67b3bed88e19d39a31713c24091072.jpg,"[[0.7696700507614214, 0.3397790055248619, 0.17639593908629442, 0.16574585635359115], [0.9295685279187818, 0.3632596685082873, 0.11548223350253807, 0.22375690607734808], [0.4784263959390863, 0.2845303867403315, 0.10913705583756345, 0.143646408839779], [0.25253807106598986, 0.19337016574585636, 0.13705583756345177, 0.143646408839779], [0.10469543147208121, 0.606353591160221, 0.13071065989847716, 0.19060773480662985], [0.2468274111675127, 0.5759668508287292, 0.11294416243654823, 0.15193370165745856]]","[11, 11, 11, 11, 11, 11]","[25, 25, 25, 25, 25, 25]","[[334.7173767089844, 79.45993041992188, 410.2730712890625, 134.22079467773438], [1.6309046745300293, 76.96150970458984, 76.26573181152344, 129.12112426757812], [677.2933349609375, 89.04395294189453, 779.51806640625, 166.75038146972656]]","[11.0, 11.0, 11.0]","[0.7473652362823486, 0.6377370357513428, 0.5509202480316162]"
/home/vislab-001/Jared/CS534-Team-3-AI-Project/data/PlantDoc_ObjectDetection/test/images/apple-20scabnew_jpg.rf.d27d2da4626fa5f3811be39efd4df8f4.jpg,"[[0.4785714285714286, 0.5522959183673469, 0.7122448979591837, 0.5433673469387755]]",[0],[0],"[[50.76082229614258, 115.91315460205078, 405.04388427734375, 316.2478332519531]]",[0.0],[0.9569085836410522]
/home/vislab-001/Jared/CS534-Team-3-AI-Project/data/PlantDoc_ObjectDetection/test/images/35589125035_662dd5b258_b_jpg.rf.c409efcfde1a687f37d2381f81021cca.jpg,"[[0.5618466898954704, 0.5019607843137255, 0.8554006968641115, 0.7947712418300653]]",[12],[29],"[[54.5675048828125, 83.98028564453125, 572.513671875, 691.7368774414062], [309.1356506347656, 0.0, 573.4227905273438, 229.20953369140625]]","[12.0, 12.0]","[0.9417212605476379, 0.6462129950523376]"
/home/vislab-001/Jared/CS534-Team-3-AI-Project/data/PlantDoc_ObjectDetection/test/images/Apple-Leaf-Wallpaper-17_jpg.rf.98c98eac348bacc7162ad99ff12c34c7.jpg,"[[0.535546875, 0.5287037037037037, 0.48671875, 0.9425925925925925]]",[0],[1],"[[1121.814208984375, 139.494140625, 3840.0, 2160.0], [1130.29248046875, 141.766845703125, 3036.516357421875, 2159.070556640625]]","[7.0, 7.0]","[0.890338659286499, 0.33041054010391235]"
/home/vislab-001/Jared/CS534-Team-3-AI-Project/data/PlantDoc_ObjectDetection/test/images/5-29black-rot-chardRR_jpg.rf.972bdba15332ddeca972a6aa42f30e5f.jpg,"[[0.49444444444444446, 0.5049668874172185, 0.9177777777777778, 0.9900662251655629]]",[12],[29],"[[17.290077209472656, 7.719440460205078, 438.08636474609375, 299.3378601074219]]",[12.0],[0.9703938961029053]
/home/vislab-001/Jared/CS534-Team-3-AI-Project/data/PlantDoc_ObjectDetection/test/images/backus-056-potato-blight_jpg.rf.70d8ec2e2694286e3c6093b405d2c7e5.jpg,"[[0.7011938202247191, 0.6605805243445693, 0.5014044943820225, 0.5262172284644194], [0.4002808988764045, 0.2226123595505618, 0.2907303370786517, 0.3796816479400749], [0.2129564606741573, 0.5400280898876404, 0.2735252808988764, 0.33286516853932585], [0.3497191011235955, 0.6849250936329588, 0.21207865168539325, 0.4691011235955056]]","[6, 6, 6, 6]","[12, 12, 12, 12]","[[1297.699951171875, 856.9301147460938, 2735.823486328125, 1956.8126220703125], [746.8660888671875, 52.09492874145508, 1558.2625732421875, 873.7091674804688], [679.1195678710938, 962.6862182617188, 1447.35888671875, 2005.8955078125], [198.6287078857422, 795.9552612304688, 977.2150268554688, 1505.734619140625]]","[6.0, 6.0, 6.0, 6.0]","[0.950324535369873, 0.9370753765106201, 0.9307113289833069, 0.9053764343261719]"
/home/vislab-001/Jared/CS534-Team-3-AI-Project/data/PlantDoc_ObjectDetection/test/images/dsc_8148cs_jpg.rf.69993ec24d7493f131ea68e581d702dd.jpg,"[[0.5096227867590454, 0.5272296764009471, 0.9807544264819091, 0.9265982636148382]]",[11],[23],"[[0.0, 53.898582458496094, 1263.3240966796875, 1248.28076171875]]",[11.0],[0.8513445854187012]
/home/vislab-001/Jared/CS534-Team-3-AI-Project/data/PlantDoc_ObjectDetection/test/images/6134794031202304_jpeg_jpg.rf.572776d10bbb137bdf33326aeddd9cb1.jpg,"[[0.3591666666666667, 0.544375, 0.515, 0.58125]]",[11],[20],"[[67.16148376464844, 183.34852600097656, 401.1273193359375, 675.00732421875], [367.093505859375, 343.675537109375, 561.4893188476562, 559.8260498046875], [345.245361328125, 79.35585021972656, 583.3011474609375, 361.70843505859375]]","[11.0, 11.0, 11.0]","[0.9076730608940125, 0.8660376071929932, 0.29215294122695923]"
/home/vislab-001/Jared/CS534-Team-3-AI-Project/data/PlantDoc_ObjectDetection/test/images/IMG_1246_jpg.rf.38cf94b2d431cc987b7e4e5cca6284e3.jpg,"[[0.4759375, 0.5254166666666666, 0.950625, 0.7291666666666666]]",[11],[21],"[[0.0, 192.14767456054688, 1536.668701171875, 1026.84423828125]]",[11.0],[0.8981714844703674]
/home/vislab-001/Jared/CS534-Team-3-AI-Project/data/PlantDoc_ObjectDetection/test/images/grape_F15a_jpg.rf.fdba83a96368e973060233cf0933cce5.jpg,"[[0.6457142857142857, 0.40304182509505704, 0.5314285714285715, 0.7300380228136882]]",[12],[29],"[[130.52197265625, 18.269126892089844, 317.1650085449219, 198.0478057861328], [46.293399810791016, 34.265472412109375, 135.8851318359375, 200.45101928710938]]","[12.0, 11.0]","[0.8828536868095398, 0.6572806239128113]"
/home/vislab-001/Jared/CS534-Team-3-AI-Project/data/PlantDoc_ObjectDetection/test/images/100983448_jpg.rf.bb0a965555b3a9ad0fdbdf18a20712b4.jpg,"[[0.5055803571428571, 0.5111607142857143, 0.8013392857142857, 0.9107142857142857]]",[11],[19],"[[44.49725341796875, 14.168377876281738, 414.0411071777344, 438.8009948730469]]",[11.0],[0.9251952171325684]
/home/vislab-001/Jared/CS534-Team-3-AI-Project/data/PlantDoc_ObjectDetection/test/images/apples_apple-scab_02_thm_jpg.rf.e18ddff12303d35189e4b2a94e909ce2.jpg,"[[0.5652173913043478, 0.5058823529411764, 0.8347826086956521, 0.9882352941176471]]",[0],[0],"[[0.0, 0.9427890777587891, 114.42054748535156, 83.17929077148438], [0.0, 0.5738396644592285, 113.00005340576172, 82.99443817138672]]","[11.0, 0.0]","[0.7451807856559753, 0.5513503551483154]"
/home/vislab-001/Jared/CS534-Team-3-AI-Project/data/PlantDoc_ObjectDetection/test/images/depositphotos_6898486-stock-photo-grape-leaves_jpg.rf.d74ef302d652cd0b5bde40dafbab815c.jpg,"[[0.5166177908113392, 0.45139813581890814, 0.5855327468230694, 0.8681757656458056]]",[12],[28],"[[221.3874053955078, 18.266422271728516, 867.820556640625, 675.3897094726562]]",[12.0],[0.9284604787826538]
/home/vislab-001/Jared/CS534-Team-3-AI-Project/data/PlantDoc_ObjectDetection/test/images/sept4disease-019_jpg.rf.ba2802c1101091c3672e51c65aee99c4.jpg,"[[0.5302154492905938, 0.53601108033241, 0.931161324224908, 0.8407202216066482]]",[11],[20],"[[100.584716796875, 159.1183624267578, 1900.35498046875, 1349.66455078125]]",[11.0],[0.9560340642929077]
/home/vislab-001/Jared/CS534-Team-3-AI-Project/data/PlantDoc_ObjectDetection/test/images/7-17-Photo3_Septoria-MARY_jpg.rf.45b5441028f4f795911a5ced0b1556cc.jpg,"[[0.9444444444444444, 0.8036211699164345, 0.1111111111111111, 0.33147632311977715], [0.10333333333333333, 0.3955431754874652, 0.20222222222222222, 0.7743732590529248], [0.33111111111111113, 0.6532033426183844, 0.13333333333333333, 0.43175487465181056], [0.6811111111111111, 0.4428969359331476, 0.46444444444444444, 0.8579387186629527]]","[11, 11, 11, 11]","[20, 20, 20, 20]","[[210.1582794189453, 6.837165355682373, 405.49462890625, 323.9918212890625], [0.0, 0.0, 117.47956085205078, 284.3156433105469], [110.84246063232422, 155.10569763183594, 190.54067993164062, 304.5955505371094]]","[11.0, 11.0, 11.0]","[0.9152550101280212, 0.36577749252319336, 0.33378562331199646]"
/home/vislab-001/Jared/CS534-Team-3-AI-Project/data/PlantDoc_ObjectDetection/test/images/11-40580_5_jpg.rf.ed4b75ecb0d751344e9c043671d3b71e.jpg,"[[0.345, 0.15, 0.145, 0.26], [0.13875, 0.3725, 0.2425, 0.395], [0.3225, 0.8075, 0.095, 0.215], [0.8125, 0.74, 0.165, 0.34], [0.71625, 0.495, 0.1675, 0.25], [0.24875, 0.42, 0.1375, 0.17], [0.415, 0.735, 0.17, 0.23], [0.42125, 0.4775, 0.1675, 0.195], [0.53625, 0.48, 0.1575, 0.33]]","[11, 11, 11, 11, 11, 11, 11, 11, 11]","[25, 25, 25, 25, 25, 25, 25, 25, 25]","[[297.02227783203125, 110.90576171875, 347.46844482421875, 183.77728271484375], [138.95761108398438, 76.47145080566406, 193.56072998046875, 113.09368133544922], [253.19485473632812, 79.49696350097656, 313.8949890136719, 127.09457397460938], [133.49684143066406, 119.24495697021484, 205.97406005859375, 170.27696228027344], [72.1869125366211, 69.21798706054688, 129.0768280029297, 100.39604187011719], [266.3805847167969, 0.37361860275268555, 325.8352966308594, 28.720720291137695], [62.25310516357422, 169.91595458984375, 102.56062316894531, 200.0], [266.6751403808594, 50.92162322998047, 314.2564697265625, 83.0464096069336], [102.71112060546875, 1.760721206665039, 166.02980041503906, 61.10859680175781], [182.0284881591797, 58.97428512573242, 245.68040466308594, 124.90560913085938], [221.41995239257812, 0.051801204681396484, 259.74560546875, 21.61248016357422], [160.16497802734375, 40.57748794555664, 212.46249389648438, 93.73970794677734], [11.124615669250488, 129.42869567871094, 49.30423355102539, 169.447509765625], [190.20098876953125, 34.294708251953125, 235.22193908691406, 54.60961151123047], [163.0048828125, 0.019855499267578125, 211.29188537597656, 23.19139862060547], [0.0, 0.0, 32.242740631103516, 44.08604049682617]]","[11.0, 11.0, 11.0, 11.0, 11.0, 11.0, 11.0, 11.0, 11.0, 11.0, 11.0, 11.0, 11.0, 11.0, 11.0, 11.0]","[0.9113323092460632, 0.908937394618988, 0.9078736305236816, 0.8747068047523499, 0.8492008447647095, 0.8124735951423645, 0.7610291242599487, 0.5999587774276733, 0.5957982540130615, 0.5955920815467834, 0.5849921107292175, 0.5468192100524902, 0.5317253470420837, 0.5247266888618469, 0.34198540449142456, 0.3193371295928955]"
/home/vislab-001/Jared/CS534-Team-3-AI-Project/data/PlantDoc_ObjectDetection/test/images/dscn6689_jpg.rf.d396b18953beffedf55ff8890f61e3bd.jpg,"[[0.50146484375, 0.5299479166666666, 0.7294921875, 0.7942708333333334]]",[11],[26],"[[141.6021270751953, 119.2799301147461, 850.0086059570312, 678.5853271484375], [351.2735290527344, 528.7760620117188, 496.3565368652344, 687.9647827148438]]","[11.0, 11.0]","[0.9311835765838623, 0.30366969108581543]"
/home/vislab-001/Jared/CS534-Team-3-AI-Project/data/PlantDoc_ObjectDetection/test/images/grapes-leaves_jpg.rf.f1aa3d83625702417e8b4391ff4dda40.jpg,"[[0.47216796875, 0.5338541666666666, 0.6533203125, 0.8828125], [0.69482421875, 0.10677083333333333, 0.3330078125, 0.2109375], [0.08984375, 0.44140625, 0.171875, 0.5833333333333334]]","[12, 12, 12]","[28, 28, 28]","[[143.15078735351562, 49.273292541503906, 837.9865112304688, 753.6406860351562], [533.2286987304688, 0.0, 849.68212890625, 148.0808868408203], [0.13184814155101776, 107.3829116821289, 192.5560760498047, 595.5269775390625]]","[12.0, 12.0, 12.0]","[0.9543735980987549, 0.4155625104904175, 0.3761816918849945]"
/home/vislab-001/Jared/CS534-Team-3-AI-Project/data/PlantDoc_ObjectDetection/test/images/3023_jpg.rf.d6ef38092aaf3cc5051b504eaba3ef28.jpg,"[[0.5263671875, 0.5305989583333334, 0.27734375, 0.22786458333333334], [0.28857421875, 0.4114583333333333, 0.1611328125, 0.3645833333333333], [0.58740234375, 0.8255208333333334, 0.1650390625, 0.265625], [0.6865234375, 0.18815104166666666, 0.212890625, 0.22265625], [0.45849609375, 0.2506510416666667, 0.0712890625, 0.11328125], [0.1513671875, 0.5716145833333334, 0.177734375, 0.1171875]]","[6, 6, 6, 6, 6, 6]","[12, 12, 12, 12, 12, 12]","[[907.7960815429688, 24.740747451782227, 1023.8414306640625, 194.72671508789062], [805.8602294921875, 1.377111792564392, 955.515625, 130.47422790527344], [0.0, 693.3624877929688, 87.5039291381836, 765.2186889648438], [916.4732666015625, 263.21441650390625, 1023.9732666015625, 524.02001953125], [220.7849578857422, 179.75430297851562, 390.16949462890625, 454.2672424316406], [599.2086791992188, 60.42213821411133, 804.3200073242188, 244.2627716064453], [885.6921997070312, 0.12775878608226776, 1024.0, 55.207801818847656]]","[6.0, 6.0, 11.0, 6.0, 2.0, 6.0, 6.0]","[0.7491493821144104, 0.7427873611450195, 0.7048059701919556, 0.6206000447273254, 0.32949167490005493, 0.28849872946739197, 0.26399409770965576]"
/home/vislab-001/Jared/CS534-Team-3-AI-Project/data/PlantDoc_ObjectDetection/test/images/730-grape-leaf-2560x1600-nature-wallpaper_jpg.rf.b876a53bfb81e1f068fc25127d5891c9.jpg,"[[0.5474609375, 0.4940625, 0.608203125, 0.959375]]",[12],[28],"[[660.60400390625, 32.6944580078125, 2200.52490234375, 1592.0260009765625]]",[12.0],[0.9458968043327332]
/home/vislab-001/Jared/CS534-Team-3-AI-Project/data/PlantDoc_ObjectDetection/test/images/everystockphoto-21099455-l_jpg.rf.bee9830f466ad5ea51150e3955ce13ac.jpg,"[[0.5, 0.5866666666666667, 0.936, 0.7466666666666667]]",[11],[24],"[[24.414539337158203, 50.293304443359375, 498.56500244140625, 372.67913818359375], [24.484825134277344, 51.16292190551758, 499.9610290527344, 373.0567932128906]]","[11.0, 0.0]","[0.7975528240203857, 0.3700083792209625]"
/home/vislab-001/Jared/CS534-Team-3-AI-Project/data/PlantDoc_ObjectDetection/test/images/squashsilver2_JPG_jpg.rf.b0825f42a8f46e056accf3e5e016a84c.jpg,[],[],[],"[[73.4145278930664, 3.243140935897827, 1062.0823974609375, 896.180908203125]]",[9.0],[0.8791139125823975]
/home/vislab-001/Jared/CS534-Team-3-AI-Project/data/PlantDoc_ObjectDetection/test/images/9343310-small_jpg.rf.32f51699e9cf9e265318099b96fe1666.jpg,"[[0.5548387096774193, 0.5024271844660194, 0.6580645161290323, 0.616504854368932]]",[0],[2],"[[36.36198043823242, 35.24662399291992, 134.7142791748047, 165.4209442138672], [2.5744500160217285, 166.0433807373047, 118.51496887207031, 206.0]]","[0.0, 0.0]","[0.9399282932281494, 0.8044455051422119]"
/home/vislab-001/Jared/CS534-Team-3-AI-Project/data/PlantDoc_ObjectDetection/test/images/-2320-Bacterial-Spot-and-Speck_jpg.rf.9d63c6e88cb474baa4d4eab1681f6d41.jpg,"[[0.2453125, 0.4111111111111111, 0.36354166666666665, 0.2777777777777778]]",[11],[22],"[[63.1094970703125, 185.33628845214844, 403.80499267578125, 393.24066162109375]]",[11.0],[0.9372886419296265]
/home/vislab-001/Jared/CS534-Team-3-AI-Project/data/PlantDoc_ObjectDetection/test/images/50-20Leafmold-20Top_jpg.rf.2e1e53a8d2fb2ed4e4c37f455c183683.jpg,"[[0.498015873015873, 0.49691358024691357, 0.8373015873015873, 0.8827160493827161]]",[11],[26],"[[22.1441593170166, 10.309693336486816, 232.70858764648438, 143.82691955566406]]",[11.0],[0.9322004318237305]
/home/vislab-001/Jared/CS534-Team-3-AI-Project/data/PlantDoc_ObjectDetection/test/images/DSCN1015_JPG_jpg.rf.5b686730458226da5d0d94d4df2acb1e.jpg,"[[0.7746875, 0.23625, 0.419375, 0.37583333333333335], [0.491875, 0.45208333333333334, 0.2525, 0.4008333333333333], [0.163125, 0.20416666666666666, 0.325, 0.35833333333333334]]","[11, 11, 11]","[21, 21, 21]","[[0.0, 8.10089111328125, 533.078857421875, 460.99737548828125], [538.1414184570312, 614.3629150390625, 845.4534912109375, 1101.948486328125], [887.9212646484375, 59.191551208496094, 1581.240478515625, 497.46405029296875], [598.9803466796875, 318.7789306640625, 988.4906616210938, 800.3490600585938], [669.689208984375, 0.3212928771972656, 923.1639404296875, 245.05906677246094], [520.9083251953125, 252.577880859375, 719.7732543945312, 487.91741943359375]]","[1.0, 1.0, 1.0, 1.0, 1.0, 1.0]","[0.9125962853431702, 0.8942558169364929, 0.8809431791305542, 0.8560011386871338, 0.8529075980186462, 0.8302834630012512]"
/home/vislab-001/Jared/CS534-Team-3-AI-Project/data/PlantDoc_ObjectDetection/test/images/earlyblight21__jpg.rf.6dcab3b35202af61132ba53bc8c410a9.jpg,"[[0.42928403755868544, 0.5314700704225352, 0.4536384976525822, 0.6879401408450704]]",[11],[19],"[[315.4164123535156, 454.5911560058594, 1190.9217529296875, 1989.338134765625]]",[11.0],[0.9194344282150269]
/home/vislab-001/Jared/CS534-Team-3-AI-Project/data/PlantDoc_ObjectDetection/test/images/90e2c0_jpg.rf.587f6224a18e90b62f6cd591a67767e1.jpg,"[[0.5235, 0.4204801200300075, 0.579, 0.7794448612153039]]",[11],[21],"[[198.01853942871094, 30.655927658081055, 844.6925659179688, 1230.3843994140625], [774.3617553710938, 966.8931884765625, 997.6192016601562, 1332.812255859375], [774.9078979492188, 968.0098876953125, 1000.0, 1332.4674072265625]]","[11.0, 6.0, 9.0]","[0.8738178610801697, 0.6030406355857849, 0.4903164207935333]"
/home/vislab-001/Jared/CS534-Team-3-AI-Project/data/PlantDoc_ObjectDetection/test/images/phytophthora-infestans-potato-blight-first-foliar-symptoms-on-solanum-EJKRCK_jpg.rf.0b2b672321b053926d3a522509e58968.jpg,"[[0.4647806004618938, 0.4697841726618705, 0.32909930715935337, 0.21151079136690648]]",[6],[13],"[[257.9112243652344, 506.2900695800781, 528.131103515625, 774.0074462890625], [140.1883087158203, 696.92333984375, 466.22064208984375, 902.619140625]]","[6.0, 6.0]","[0.9415660500526428, 0.8459495306015015]"
/home/vislab-001/Jared/CS534-Team-3-AI-Project/data/PlantDoc_ObjectDetection/test/images/Shoemaker_7068_JPG_jpg.rf.fc3bb10297aa7548ba0b57ee39611f53.jpg,"[[0.5133333333333333, 0.4166666666666667, 0.9733333333333334, 0.48333333333333334]]",[11],[19],"[[56.38623809814453, 91.76602935791016, 575.3462524414062, 401.399658203125]]",[11.0],[0.7430006265640259]
/home/vislab-001/Jared/CS534-Team-3-AI-Project/data/PlantDoc_ObjectDetection/test/images/late_blight_tomato_leaf_spore1x1200_jpg.rf.f5b22acf51e3b55e170c35f7f86c6f33.jpg,"[[0.26708333333333334, 0.7483588621444202, 0.41083333333333333, 0.4223194748358862], [0.7445833333333334, 0.6772428884026258, 0.5108333333333334, 0.5492341356673961], [0.6345833333333334, 0.312363238512035, 0.7308333333333333, 0.4934354485776805]]","[11, 11, 11]","[23, 23, 23]","[[597.1859741210938, 336.8426818847656, 1198.689697265625, 858.7586059570312], [286.6903076171875, 41.897674560546875, 1198.4638671875, 464.5980529785156]]","[11.0, 11.0]","[0.939888596534729, 0.7474496364593506]"
/home/vislab-001/Jared/CS534-Team-3-AI-Project/data/PlantDoc_ObjectDetection/test/images/E-29Tomato-late-blight-foliar_jpg.rf.bfc8b96af9b557efee57cdf99ae0936c.jpg,"[[0.90625, 0.5683333333333334, 0.1875, 0.83], [0.3575, 0.19666666666666666, 0.415, 0.38], [0.5275, 0.53, 0.395, 0.9133333333333333]]","[11, 11, 11]","[23, 23, 23]","[[140.92840576171875, 25.218582153320312, 287.35882568359375, 300.0], [315.2578125, 55.69636535644531, 399.9810791015625, 299.8727111816406], [59.59270477294922, 0.011701583862304688, 223.1177520751953, 137.5275421142578]]","[11.0, 11.0, 11.0]","[0.9032835364341736, 0.8272431492805481, 0.5306467413902283]"
/home/vislab-001/Jared/CS534-Team-3-AI-Project/data/PlantDoc_ObjectDetection/test/images/Black-20rot-20on-20foliage2_jpg.rf.2e0322eb4c84dca36ff088362110e8ee.jpg,"[[0.5415094339622641, 0.48427672955974843, 0.8660377358490566, 0.9308176100628931]]",[12],[29],"[[188.77186584472656, 14.172340393066406, 980.8094482421875, 780.3040161132812], [0.0, 151.70225524902344, 281.9588623046875, 580.2463989257812]]","[12.0, 12.0]","[0.9436218738555908, 0.8920627236366272]"
/home/vislab-001/Jared/CS534-Team-3-AI-Project/data/PlantDoc_ObjectDetection/test/images/RARZ4_jpg.rf.3d405cb67ea7a282dfca9e226396ce45.jpg,"[[0.6065, 0.392875, 0.189, 0.16425], [0.7868333333333334, 0.52075, 0.3526666666666667, 0.223], [0.2185, 0.44325, 0.41233333333333333, 0.389]]","[11, 11, 11]","[20, 20, 20]","[[0.0, 980.6771240234375, 2607.140869140625, 2354.8857421875], [2305.435546875, 2877.719482421875, 3553.022216796875, 3656.239501953125], [3826.263427734375, 2544.608154296875, 5122.80126953125, 3280.61474609375], [3292.144775390625, 1355.83935546875, 4048.413818359375, 1971.1326904296875]]","[11.0, 11.0, 11.0, 11.0]","[0.9000510573387146, 0.8729426860809326, 0.8575723171234131, 0.3793734312057495]"
/home/vislab-001/Jared/CS534-Team-3-AI-Project/data/PlantDoc_ObjectDetection/test/images/piano-20gully-20spray-20seed-20damage-2006-20-289-29_JPG_jpg.rf.88e8911876952a9d4b1a20f2fdecf9f3.jpg,"[[0.485, 0.5029166666666667, 0.93, 0.9941666666666666]]",[12],[29],"[[6.0345458984375, 5.5390167236328125, 1596.008544921875, 1197.823486328125]]",[12.0],[0.9652326107025146]
/home/vislab-001/Jared/CS534-Team-3-AI-Project/data/PlantDoc_ObjectDetection/test/images/5816740026_d42ef24413_Phytophthora-Infestans_jpg.rf.8745c360a93921f2fbd3f0f0a720c3b8.jpg,"[[0.493993993993994, 0.568, 0.5135135135135135, 0.692]]",[6],[13],"[[70.03648376464844, 93.52192687988281, 249.7720489501953, 449.4632568359375]]",[11.0],[0.8812404274940491]
/home/vislab-001/Jared/CS534-Team-3-AI-Project/data/PlantDoc_ObjectDetection/test/images/tomato_virus_04_zoom_jpg.rf.12ed63f89007aee05ece6010dd76ddaa.jpg,"[[0.6327777777777778, 0.7985185185185185, 0.2611111111111111, 0.21333333333333335], [0.21222222222222223, 0.2325925925925926, 0.2911111111111111, 0.42074074074074075], [0.6611111111111111, 0.4777777777777778, 0.47333333333333333, 0.29777777777777775]]","[11, 11, 11]","[24, 24, 24]","[[68.04103088378906, 3.3290719985961914, 333.58453369140625, 287.3396911621094], [398.4562683105469, 210.13961791992188, 824.5249633789062, 401.1461181640625], [472.9194641113281, 463.5876770019531, 715.8767700195312, 614.0858154296875]]","[11.0, 11.0, 11.0]","[0.9434945583343506, 0.8321779370307922, 0.6763239502906799]"
/home/vislab-001/Jared/CS534-Team-3-AI-Project/data/PlantDoc_ObjectDetection/test/images/2540_600_jpg.rf.0868234a16426ddf6d6df0b005cc1203.jpg,"[[0.5525, 0.46405919661733613, 0.7, 0.864693446088795]]",[6],[13],"[[81.16612243652344, 5.645636558532715, 359.6102600097656, 453.14691162109375]]",[11.0],[0.7152503728866577]
/home/vislab-001/Jared/CS534-Team-3-AI-Project/data/PlantDoc_ObjectDetection/test/images/apples_apple-scab_10_zoom_jpg.rf.a78763d19115f70540d89b1ff3dfb6c9.jpg,"[[0.6583333333333333, 0.49333333333333335, 0.6833333333333333, 0.9748148148148148]]",[0],[0],"[[0.0, 1.3908863067626953, 900.0, 668.5708618164062], [3.9300155639648438, 1.2651443481445312, 900.0, 670.2493286132812]]","[0.0, 7.0]","[0.8122451305389404, 0.5601990818977356]"
/home/vislab-001/Jared/CS534-Team-3-AI-Project/data/PlantDoc_ObjectDetection/test/images/apple-leaf-isolated-white-background-56631026_jpg.rf.10dafe4204528cb153f34b68f43799fb.jpg,"[[0.490625, 0.5122832369942196, 0.67125, 0.8164739884393064]]",[0],[1],"[[68.90586853027344, 73.79417419433594, 670.0274047851562, 620.68212890625]]",[0.0],[0.9407737851142883]
/home/vislab-001/Jared/CS534-Team-3-AI-Project/data/PlantDoc_ObjectDetection/test/images/pix053_jpg.rf.26a16548140d500fdfe285209df445ba.jpg,"[[0.539647577092511, 0.5388888888888889, 0.8942731277533039, 0.9148148148148149]]",[0],[2],"[[19.875690460205078, 36.761600494384766, 210.09593200683594, 261.5456237792969]]",[0.0],[0.7776423692703247]
/home/vislab-001/Jared/CS534-Team-3-AI-Project/data/PlantDoc_ObjectDetection/test/images/early-blight-or-target-spot-alternaria-solani-lesions-on-a-tomato-AXK6AY_jpg.rf.0b4b8f7c83ab5ec22246f94bb12750a9.jpg,"[[0.49538461538461537, 0.45884003741814783, 0.9046153846153846, 0.5996258185219832]]",[6],[12],"[[44.88759994506836, 163.51364135742188, 1293.982666015625, 822.584716796875]]",[11.0],[0.9143192768096924]
/home/vislab-001/Jared/CS534-Team-3-AI-Project/data/PlantDoc_ObjectDetection/test/images/110822-206-Tomato-blight_jpg.rf.b60f3ef83e22b5e943a0d9d677b676ee.jpg,"[[0.4886666666666667, 0.4308617234468938, 0.884, 0.8376753507014028]]",[11],[23],"[[23.532629013061523, 12.959718704223633, 719.2794799804688, 424.3136901855469], [652.2584228515625, 189.56573486328125, 750.0, 495.2892150878906]]","[11.0, 6.0]","[0.8455697298049927, 0.6176578998565674]"
/home/vislab-001/Jared/CS534-Team-3-AI-Project/data/PlantDoc_ObjectDetection/test/images/Tomato-2BBacterial-2BSpot-2Bon-2BLeaves_jpg.rf.dd03839a0d3fa6e335bcf0cad9a758cc.jpg,"[[0.404, 0.47338403041825095, 0.772, 0.8859315589353612]]",[11],[22],"[[0.37505626678466797, 29.613231658935547, 370.90777587890625, 250.4079132080078]]",[11.0],[0.9408167600631714]
/home/vislab-001/Jared/CS534-Team-3-AI-Project/data/PlantDoc_ObjectDetection/test/images/18c_jpg.rf.cf7625ea31adebace38a01ba3b82579c.jpg,"[[0.48142857142857143, 0.5078431372549019, 0.8771428571428571, 0.9058823529411765]]",[11],[23],"[[0.7595300674438477, 10.072309494018555, 320.59100341796875, 248.1771697998047]]",[11.0],[0.9194346070289612]
/home/vislab-001/Jared/CS534-Team-3-AI-Project/data/PlantDoc_ObjectDetection/test/images/6447731_orig_jpg.rf.b26bef77a14d203290fea963dbe99793.jpg,"[[0.475, 0.45481927710843373, 0.918, 0.8855421686746988]]",[11],[20],"[[0.4424095153808594, 6.559514999389648, 464.7325439453125, 302.7147216796875]]",[11.0],[0.9446797370910645]
/home/vislab-001/Jared/CS534-Team-3-AI-Project/data/PlantDoc_ObjectDetection/test/images/main-qimg-d9c2a93f60568485c989670d9bbf703b_jpg.rf.0ee0c7ca6ab930037daafd708b829821.jpg,"[[0.3596345514950166, 0.5746753246753247, 0.6229235880398671, 0.5909090909090909], [0.5930232558139535, 0.20562770562770563, 0.4186046511627907, 0.2727272727272727], [0.7674418604651163, 0.6677489177489178, 0.1893687707641196, 0.6601731601731602]]","[11, 11, 11]","[21, 21, 21]","[[20.36754035949707, 124.50794982910156, 395.9794921875, 389.4111328125], [220.4575653076172, 21.885406494140625, 492.82012939453125, 155.6863250732422], [400.46246337890625, 173.34295654296875, 522.3516845703125, 454.5671081542969]]","[11.0, 11.0, 11.0]","[0.929421603679657, 0.914343535900116, 0.8208629488945007]"
/home/vislab-001/Jared/CS534-Team-3-AI-Project/data/PlantDoc_ObjectDetection/test/images/apples_apple-scab_01_zoom_jpg.rf.77862c566551e32b61f10ea64e1fcecf.jpg,"[[0.5583333333333333, 0.5122832369942196, 0.7077777777777777, 0.6517341040462428], [0.1638888888888889, 0.5115606936416185, 0.20333333333333334, 0.8497109826589595]]","[0, 0]","[0, 0]","[[160.4403076171875, 143.40606689453125, 808.8114013671875, 562.0555419921875]]",[0.0],[0.9576908946037292]
/home/vislab-001/Jared/CS534-Team-3-AI-Project/data/PlantDoc_ObjectDetection/test/images/20180511_091133-24l1vhg-e1526047988236_jpg.rf.f64a1c91b51d33ab27b02808b86aa0f8.jpg,"[[0.4282128514056225, 0.5391566265060241, 0.7566934404283802, 0.5470632530120482]]",[0],[1],"[[114.44947814941406, 1375.031982421875, 2384.719482421875, 4281.5703125]]",[0.0],[0.9051873087882996]
/home/vislab-001/Jared/CS534-Team-3-AI-Project/data/PlantDoc_ObjectDetection/test/images/depositphotos_3443387-stock-photo-the-green-grape-leaf-on_jpg.rf.705833411d0b6a28c128a3bb9f5ec3f7.jpg,"[[0.46533203125, 0.4270833333333333, 0.5458984375, 0.7135416666666666]]",[12],[28],"[[192.27403259277344, 55.92324447631836, 742.2594604492188, 598.1182861328125]]",[12.0],[0.9154664874076843]
/home/vislab-001/Jared/CS534-Team-3-AI-Project/data/PlantDoc_ObjectDetection/test/images/2STEM_jpg.rf.2e57727bead2360055fc755ba9ca4eeb.jpg,"[[0.5081743869209809, 0.4953125, 0.7929155313351499, 0.9625]]",[11],[20],"[[40.467681884765625, 1.001953125, 332.7646789550781, 639.1424560546875]]",[11.0],[0.9343991875648499]
/home/vislab-001/Jared/CS534-Team-3-AI-Project/data/PlantDoc_ObjectDetection/test/images/bact-spot-fig-1_jpg.rf.33ace5ea50f65402438b7df6efbf57cc.jpg,"[[0.47797716150081565, 0.4339045287637699, 0.8711256117455138, 0.5397796817625459]]",[11],[22],"[[34.905670166015625, 129.66082763671875, 1120.8140869140625, 582.4772338867188]]",[1.0],[0.9729917049407959]
/home/vislab-001/Jared/CS534-Team-3-AI-Project/data/PlantDoc_ObjectDetection/test/images/55830b60a7cf2_image_jpg.rf.c19fcce7c02c1ce62a550db6309ef07f.jpg,"[[0.3226768968456948, 0.20696489241223104, 0.4032395566922421, 0.18742921857304642], [0.782608695652174, 0.25, 0.43137254901960786, 0.2599093997734994], [0.35720375106564367, 0.543035107587769, 0.3938618925831202, 0.5209513023782559]]","[11, 11, 11]","[20, 20, 20]","[[733.6654052734375, 224.00045776367188, 1114.33447265625, 630.2550659179688], [167.786376953125, 258.19580078125, 616.7227783203125, 467.31732177734375], [195.56277465820312, 528.1100463867188, 669.197998046875, 1358.15966796875]]","[11.0, 11.0, 11.0]","[0.9201751947402954, 0.918984591960907, 0.8606086373329163]"
/home/vislab-001/Jared/CS534-Team-3-AI-Project/data/PlantDoc_ObjectDetection/test/images/apple-leaf-14319997_jpg.rf.9b8968c4bafe506e158b94d70da234d6.jpg,"[[0.5319230769230769, 0.45826235093696766, 0.933076923076923, 0.7427597955706985]]",[0],[1],"[[89.84701538085938, 97.33544921875, 1045.87744140625, 973.771240234375]]",[0.0],[0.9491627216339111]
/home/vislab-001/Jared/CS534-Team-3-AI-Project/data/PlantDoc_ObjectDetection/test/images/039b47d574bc4bb8a14259a1cd96a741_jpg.rf.5b1a57c3022b2e400c3b550edf84011b.jpg,"[[0.7335423197492164, 0.6169102296450939, 0.43573667711598746, 0.3903966597077244]]",[11],[19],"[[327.1585998535156, 198.58474731445312, 604.8621215820312, 390.755859375]]",[11.0],[0.9373334050178528]
/home/vislab-001/Jared/CS534-Team-3-AI-Project/data/PlantDoc_ObjectDetection/test/images/0000_jpg.rf.d9be28abba2b4e67431ed005bdde14de.jpg,"[[0.472, 0.483, 0.938, 0.912]]",[12],[28],"[[9.064102172851562, 20.915794372558594, 952.6626586914062, 909.4625244140625]]",[12.0],[0.9609721899032593]
/home/vislab-001/Jared/CS534-Team-3-AI-Project/data/PlantDoc_ObjectDetection/test/images/apple-20scab-20leaf_jpg.rf.d7c1aa30a31c9acfcf45ee8fef3d83c8.jpg,"[[0.502092050209205, 0.5, 0.99581589958159, 0.9949748743718593]]",[0],[0],"[[10.259995460510254, 2.924812078475952, 237.07620239257812, 376.1191711425781]]",[0.0],[0.933467447757721]
/home/vislab-001/Jared/CS534-Team-3-AI-Project/data/PlantDoc_ObjectDetection/test/images/earlyblightpotato_jpg.rf.096fb8b664867bf2c062085ed0d102e1.jpg,"[[0.632258064516129, 0.5014285714285714, 0.5634408602150538, 0.9971428571428571]]",[6],[12],"[[152.87745666503906, 3.446049928665161, 422.46807861328125, 343.0882568359375]]",[6.0],[0.9410507082939148]
/home/vislab-001/Jared/CS534-Team-3-AI-Project/data/PlantDoc_ObjectDetection/test/images/fungus-univ-of-minnesoeta_jpg.rf.c41a4b9785a7b692066e3d4a22f5a498.jpg,"[[0.32375, 0.13916666666666666, 0.415, 0.25833333333333336], [0.311875, 0.7308333333333333, 0.31875, 0.23166666666666666], [0.785, 0.5933333333333334, 0.365, 0.49333333333333335], [0.48625, 0.485, 0.65, 0.43666666666666665]]","[11, 11, 11, 11]","[26, 26, 26, 26]","[[476.6585693359375, 228.07884216308594, 769.3700561523438, 500.1033935546875], [118.89579772949219, 0.0, 403.9037780761719, 158.2006072998047], [406.7403564453125, 473.30377197265625, 607.8409423828125, 599.5518798828125], [107.84263610839844, 353.9796447753906, 384.6855163574219, 502.568359375], [132.33070373535156, 134.90394592285156, 500.7210693359375, 416.8505554199219], [0.10235786437988281, 130.9198760986328, 94.59466552734375, 600.0], [451.2158203125, 0.0, 636.097412109375, 83.27363586425781]]","[11.0, 11.0, 11.0, 11.0, 11.0, 11.0, 11.0]","[0.9212654829025269, 0.8909741640090942, 0.8714584708213806, 0.8654851317405701, 0.8210391402244568, 0.47569310665130615, 0.39704620838165283]"
/home/vislab-001/Jared/CS534-Team-3-AI-Project/data/PlantDoc_ObjectDetection/test/images/49-20Leafmold-20Bottom_jpg.rf.fb818259b9088ea8db5c658839083777.jpg,"[[0.48412698412698413, 0.5255474452554745, 0.9444444444444444, 0.7591240875912408]]",[11],[26],"[[1.6183546781539917, 19.004961013793945, 229.0791015625, 124.06385803222656]]",[11.0],[0.6920618414878845]
/home/vislab-001/Jared/CS534-Team-3-AI-Project/data/PlantDoc_ObjectDetection/test/images/apple-leaf-9834637_jpg.rf.c689146555053229cfbad5b13bd07435.jpg,"[[0.5007692307692307, 0.46290491118077326, 0.8507692307692307, 0.5977011494252874]]",[0],[1],"[[109.66658020019531, 153.07366943359375, 993.5848999023438, 727.727783203125]]",[0.0],[0.961093544960022]
/home/vislab-001/Jared/CS534-Team-3-AI-Project/data/PlantDoc_ObjectDetection/test/images/20180511_091252-1gy5xf5-e1526048000596_jpg.rf.a6d481eb9f19d54142bbecb10fa29585.jpg,"[[0.37416331994645247, 0.5239081325301205, 0.7382864792503346, 0.5124246987951807]]",[0],[1],"[[26.67053985595703, 1432.6361083984375, 2280.656982421875, 4122.71923828125]]",[0.0],[0.8908029198646545]
/home/vislab-001/Jared/CS534-Team-3-AI-Project/data/PlantDoc_ObjectDetection/test/images/2013-08-20-06_jpg.rf.fc53ab92ffcc194e1e2328859013a54a.jpg,"[[0.73, 0.7370833333333333, 0.39625, 0.32416666666666666], [0.333125, 0.43, 0.15875, 0.44166666666666665], [0.7840625, 0.35583333333333333, 0.288125, 0.21166666666666667]]","[11, 11, 11]","[21, 21, 21]","[[844.8080444335938, 668.9010620117188, 1491.0687255859375, 1045.59912109375], [1062.7557373046875, 293.48992919921875, 1484.9151611328125, 571.077880859375], [656.074462890625, 134.43692016601562, 831.2047729492188, 442.6617431640625], [350.5804443359375, 268.28216552734375, 628.0882568359375, 747.482421875]]","[11.0, 11.0, 11.0, 11.0]","[0.9203425049781799, 0.6537542939186096, 0.5440570116043091, 0.25733524560928345]"
/home/vislab-001/Jared/CS534-Team-3-AI-Project/data/PlantDoc_ObjectDetection/test/images/1421_0_jpeg-itok-FMtmgePj_jpg.rf.35c94fb07dfa06f99be3c650a03c36b5.jpg,"[[0.48671875, 0.5114583333333333, 0.9546875, 0.8645833333333334]]",[6],[13],"[[6.5335693359375, 42.127166748046875, 640.0, 458.67974853515625]]",[6.0],[0.9268548488616943]
/home/vislab-001/Jared/CS534-Team-3-AI-Project/data/PlantDoc_ObjectDetection/test/images/4-apple-rust2_19011_matt-bertone_jpg.rf.e625873034bdeec9c2a385b9852a5b1a.jpg,"[[0.5341666666666667, 0.47875, 0.9316666666666666, 0.7275]]",[0],[2],"[[29.875028610229492, 49.70094299316406, 588.3187255859375, 327.62646484375]]",[0.0],[0.9352582693099976]
/home/vislab-001/Jared/CS534-Team-3-AI-Project/data/PlantDoc_ObjectDetection/test/images/2011-011_jpg.rf.f8b9d789ff607b1d075fbe52ceb66fe6.jpg,"[[0.518, 0.5093333333333333, 0.784, 0.9813333333333333]]",[0],[2],"[[53.24635314941406, 1.8378496170043945, 452.5086364746094, 374.2364501953125], [50.630523681640625, 2.205634117126465, 454.4087829589844, 375.0], [49.666690826416016, 1.0576248168945312, 451.7025146484375, 374.3101501464844]]","[0.0, 7.0, 12.0]","[0.6240283846855164, 0.526744544506073, 0.475144624710083]"
/home/vislab-001/Jared/CS534-Team-3-AI-Project/data/PlantDoc_ObjectDetection/test/images/Tomato_leaf_jpg.rf.64059776578fc9ef95fe5ac2a8d2a76e.jpg,"[[0.5018656716417911, 0.5037330844610359, 0.9720149253731343, 0.9785347643490434]]",[11],[21],"[[0.0, 9.270773887634277, 1945.25634765625, 2130.3984375]]",[11.0],[0.9322493672370911]
/home/vislab-001/Jared/CS534-Team-3-AI-Project/data/PlantDoc_ObjectDetection/test/images/toma_TMV_jpg.rf.346d65c9c8c26956071224d548ee7017.jpg,"[[0.05898566703417861, 0.2900826446280992, 0.11356119073869901, 0.40165289256198344], [0.237045203969129, 0.8008264462809918, 0.2954796030871003, 0.39834710743801655], [0.24035281146637266, 0.23636363636363636, 0.30429988974641675, 0.45950413223140496], [0.6300992282249173, 0.5537190082644629, 0.6427783902976847, 0.5355371900826447]]","[11, 11, 11, 11]","[24, 24, 24, 24]","[[92.04846954345703, 358.7538146972656, 345.1318359375, 603.612548828125], [81.03874206542969, 0.7802792191505432, 381.359619140625, 271.35308837890625], [282.357421875, 147.86358642578125, 867.07177734375, 480.00048828125], [0.0, 43.538597106933594, 106.5960922241211, 290.5659484863281], [0.0, 328.6236572265625, 53.07007598876953, 555.7294311523438]]","[11.0, 11.0, 11.0, 11.0, 11.0]","[0.9444549083709717, 0.9417741894721985, 0.935931921005249, 0.8682666420936584, 0.4973776340484619]"
/home/vislab-001/Jared/CS534-Team-3-AI-Project/data/PlantDoc_ObjectDetection/test/images/8226402877_9abf151b5b_b_jpg.rf.967094a091f4c9f8c55f7f959e3076ba.jpg,"[[0.53759765625, 0.8147877013177159, 0.1357421875, 0.23865300146412885], [0.47021484375, 0.2591508052708638, 0.1708984375, 0.1259150805270864], [0.87060546875, 0.2708638360175695, 0.1923828125, 0.24890190336749635], [0.3271484375, 0.4707174231332357, 0.228515625, 0.24158125915080528], [0.6630859375, 0.5161054172767203, 0.1484375, 0.2708638360175695]]","[11, 11, 11, 11, 11]","[25, 25, 25, 25, 25]","[[208.7173309326172, 223.44082641601562, 479.0836486816406, 417.76788330078125], [780.8673095703125, 116.18343353271484, 963.60693359375, 284.4745788574219], [593.2084350585938, 249.433837890625, 748.0517578125, 449.4317321777344], [392.0416564941406, 124.15996551513672, 583.6817016601562, 230.6260528564453], [0.05499878153204918, 199.301513671875, 88.05764770507812, 346.0325622558594], [712.60205078125, 165.2694549560547, 787.4825439453125, 283.2288513183594], [0.0, 290.7554626464844, 143.8264617919922, 467.68487548828125], [630.7864990234375, 629.4703979492188, 756.0115966796875, 681.4127807617188], [0.0, 460.26513671875, 80.3180160522461, 672.14990234375]]","[11.0, 11.0, 11.0, 11.0, 11.0, 11.0, 11.0, 11.0, 11.0]","[0.9311258792877197, 0.9077706933021545, 0.8997862935066223, 0.8838052153587341, 0.8787287473678589, 0.8379549980163574, 0.7836562395095825, 0.6925705075263977, 0.6084856986999512]"
/home/vislab-001/Jared/CS534-Team-3-AI-Project/data/PlantDoc_ObjectDetection/test/images/early_blight1-150x150_jpg.rf.293f2ff1ce08018c4702ea9860f42784.jpg,"[[0.5033333333333333, 0.49666666666666665, 0.9933333333333333, 0.9133333333333333]]",[11],[19],"[[0.0, 14.151562690734863, 150.0, 145.06753540039062]]",[11.0],[0.49786683917045593]
/home/vislab-001/Jared/CS534-Team-3-AI-Project/data/PlantDoc_ObjectDetection/test/images/phytophthora-infestans-late-blight-or-potato-blight-on-the-haulm-of-E29H6G_jpg.rf.d53ff19435acfabd2725e0ef4fa84fb1.jpg,"[[0.4641618497109827, 0.5330935251798561, 0.9052023121387284, 0.38705035971223023], [0.5208092485549133, 0.25971223021582734, 0.6994219653179191, 0.2820143884892086]]","[6, 6]","[13, 13]","[[4.490030765533447, 479.83319091796875, 775.3841552734375, 1000.8901977539062], [135.64402770996094, 161.00912475585938, 752.7286987304688, 560.0603637695312]]","[6.0, 6.0]","[0.9243037104606628, 0.5509845614433289]"
/home/vislab-001/Jared/CS534-Team-3-AI-Project/data/PlantDoc_ObjectDetection/test/images/B2750109-Late_blight_on_a_potato_plant-SPL_jpg.rf.2ee7b2fe0b7703591b646332c6904cda.jpg,"[[0.3961038961038961, 0.495, 0.5324675324675324, 0.545]]",[6],[13],"[[66.42906188964844, 179.40093994140625, 358.2176208496094, 613.60595703125], [1.9968605041503906, 0.017633438110351562, 172.49191284179688, 57.686161041259766]]","[6.0, 6.0]","[0.9073836207389832, 0.4111354649066925]"
/home/vislab-001/Jared/CS534-Team-3-AI-Project/data/PlantDoc_ObjectDetection/test/images/03gb_jpg.rf.4e347da333ba6807058874f84b8cc336.jpg,"[[0.6743215031315241, 0.5231788079470199, 0.6137787056367432, 0.8874172185430463]]",[12],[29],"[[173.37364196777344, 7.071464538574219, 478.4969787597656, 294.5428161621094]]",[12.0],[0.9608944058418274]
/home/vislab-001/Jared/CS534-Team-3-AI-Project/data/PlantDoc_ObjectDetection/test/images/page_2_jpg.rf.4a450196bb164e1871d41c2617862a7b.jpg,"[[0.15625, 0.42118863049095606, 0.24791666666666667, 0.35658914728682173], [0.4010416666666667, 0.4140826873385013, 0.2, 0.32945736434108525]]","[11, 11]","[24, 24]","[[276.9921875, 193.5970916748047, 491.1883544921875, 449.4183349609375], [35.02510070800781, 190.046630859375, 261.5072937011719, 465.9441833496094], [666.64453125, 186.04193115234375, 845.6676635742188, 619.0987548828125], [548.2151489257812, 322.61480712890625, 716.9599609375, 719.2642822265625]]","[11.0, 11.0, 11.0, 11.0]","[0.926423966884613, 0.9209663271903992, 0.7128424644470215, 0.6006461977958679]"
/home/vislab-001/Jared/CS534-Team-3-AI-Project/data/PlantDoc_ObjectDetection/test/images/Tom_Bact7_jpg.rf.723f1c9acfbdb1e36cc7276058b02f78.jpg,"[[0.21875, 0.6828358208955224, 0.1375, 0.23134328358208955], [0.45375, 0.7873134328358209, 0.3025, 0.40298507462686567], [0.6775, 0.5149253731343284, 0.48, 0.39552238805970147], [0.555, 0.34328358208955223, 0.38, 0.23880597014925373], [0.35, 0.2294776119402985, 0.38, 0.4216417910447761]]","[11, 11, 11, 11, 11]","[22, 22, 22, 22, 22]","[[121.77374267578125, 149.7443389892578, 238.8412322998047, 263.88525390625], [58.340301513671875, 7.479066848754883, 219.16629028320312, 121.88567352294922], [51.884403228759766, 144.98606872558594, 113.25859069824219, 215.2330322265625], [163.400390625, 59.76237869262695, 366.7698669433594, 198.46707153320312]]","[11.0, 11.0, 11.0, 6.0]","[0.9363237619400024, 0.9182479381561279, 0.9007838368415833, 0.758999764919281]"
/home/vislab-001/Jared/CS534-Team-3-AI-Project/data/PlantDoc_ObjectDetection/test/images/tmv-tomato-9_jpg.rf.a0102dd156f245a07df0b1d0aea48698.jpg,"[[0.5001370614035088, 0.4824561403508772, 0.9695723684210527, 0.8450292397660819]]",[11],[24],"[[1.6671385765075684, 244.37513732910156, 3640.722412109375, 2488.52392578125], [2.253002882003784, 113.37342834472656, 3647.246337890625, 2485.63525390625]]","[11.0, 10.0]","[0.8691511750221252, 0.6546425223350525]"
/home/vislab-001/Jared/CS534-Team-3-AI-Project/data/PlantDoc_ObjectDetection/test/images/20090710-lateblight_jpg.rf.f4b52d7b5173b423d692e6d17fd925d0.jpg,"[[0.52, 0.4835164835164835, 0.912, 0.9615384615384616]]",[6],[13],"[[24.110841751098633, 8.424830436706543, 490.67791748046875, 342.404052734375]]",[11.0],[0.9222264885902405]
/home/vislab-001/Jared/CS534-Team-3-AI-Project/data/PlantDoc_ObjectDetection/test/images/Tom_Bact3_jpg.rf.c113bb442a502b7e9fa794ce881d9e66.jpg,"[[0.25375, 0.5108695652173914, 0.2775, 0.9521739130434783]]",[11],[22],"[[46.71905517578125, 6.067657470703125, 164.621337890625, 226.07937622070312]]",[11.0],[0.5315734148025513]
/home/vislab-001/Jared/CS534-Team-3-AI-Project/data/PlantDoc_ObjectDetection/test/images/20130802_111632_jpg.rf.aff37c1c310ec5ee7e0636b73ee4addb.jpg,"[[0.5125612745098039, 0.48508986928104575, 0.9748774509803921, 0.8933823529411765]]",[0],[2],"[[48.02946090698242, 5.9820098876953125, 3257.255126953125, 2241.601806640625]]",[0.0],[0.9213624596595764]
/home/vislab-001/Jared/CS534-Team-3-AI-Project/data/PlantDoc_ObjectDetection/test/images/grape-leaf-picture-id119212425-k-6-m-119212425-s-612x612-w-0-h-8RZBWGcvXe4tAwhhvYZVFzWyRyiN5iTxKfWBpPT1FcU-_jpg.rf.ab68626cd9848226837cabbad5a85868.jpg,"[[0.49042553191489363, 0.4493464052287582, 0.9638297872340426, 0.869281045751634]]",[12],[28],"[[6.248805046081543, 11.949505805969238, 463.7549743652344, 476.3302001953125]]",[12.0],[0.9404019117355347]
/home/vislab-001/Jared/CS534-Team-3-AI-Project/data/PlantDoc_ObjectDetection/test/images/image_jpg.rf.9ab2126543523239135c4a322c90f744.jpg,"[[0.6632653061224489, 0.48673469387755103, 0.673469387755102, 0.9530612244897959]]",[11],[23],"[[147.24070739746094, 2.1107025146484375, 489.3806457519531, 488.79296875]]",[11.0],[0.9315756559371948]
/home/vislab-001/Jared/CS534-Team-3-AI-Project/data/PlantDoc_ObjectDetection/test/images/fwa2013313115151_jpg.rf.20aaa00fc0c8c2a4193844a2e8f02af5.jpg,"[[0.840625, 0.86875, 0.2, 0.1625], [0.653125, 0.6916666666666667, 0.06875, 0.15833333333333333], [0.590625, 0.6645833333333333, 0.0875, 0.1375], [0.38125, 0.28125, 0.21875, 0.1625], [0.425, 0.08958333333333333, 0.2125, 0.15416666666666667], [0.6625, 0.13333333333333333, 0.21875, 0.18333333333333332], [0.73125, 0.3875, 0.25, 0.175], [0.478125, 0.5333333333333333, 0.18125, 0.15833333333333333], [0.4015625, 0.45, 0.196875, 0.16666666666666666], [0.8, 0.6708333333333333, 0.19375, 0.2], [0.196875, 0.78125, 0.3875, 0.3375]]","[11, 11, 11, 11, 11, 11, 11, 11, 11, 11, 11]","[25, 25, 25, 25, 25, 25, 25, 25, 25, 25, 25]","[[100.99996185302734, 0.26306915283203125, 170.48696899414062, 48.086647033691406], [243.2771759033203, 194.0733642578125, 299.72698974609375, 228.3685302734375], [200.58468627929688, 76.05560302734375, 256.12152099609375, 109.00224304199219], [221.42672729492188, 141.05374145507812, 283.5006408691406, 189.37530517578125], [174.18753051757812, 15.84515380859375, 240.44985961914062, 55.25848388671875], [94.01548767089844, 85.41661071777344, 150.31436157226562, 123.69654846191406], [192.6223602294922, 140.55746459960938, 224.03541564941406, 189.61141967773438], [116.21187591552734, 187.33343505859375, 167.09884643554688, 239.11236572265625], [0.0, 187.80543518066406, 55.61705017089844, 240.0], [0.018495559692382812, 63.150272369384766, 31.912063598632812, 163.62600708007812], [162.6782684326172, 69.34539794921875, 183.60292053222656, 108.3475341796875], [132.90750122070312, 114.15995788574219, 162.09255981445312, 146.2982940673828], [239.46365356445312, 0.5167617797851562, 319.9140930175781, 64.32688903808594]]","[11.0, 11.0, 11.0, 11.0, 11.0, 11.0, 11.0, 11.0, 11.0, 11.0, 11.0, 11.0, 11.0]","[0.8937509655952454, 0.8844289779663086, 0.8735204935073853, 0.8540290594100952, 0.8357021808624268, 0.7310445308685303, 0.5675104260444641, 0.5478947162628174, 0.4459701180458069, 0.4246375560760498, 0.42337721586227417, 0.33256563544273376, 0.2925744652748108]"
/home/vislab-001/Jared/CS534-Team-3-AI-Project/data/PlantDoc_ObjectDetection/test/images/tomato_bacterial-speck_01_zoom_jpg.rf.c94d2edaae27c6d1aa2e353e5b25b136.jpg,"[[0.46, 0.47333333333333333, 0.8955555555555555, 0.8251851851851851]]",[11],[22],"[[0.0, 34.537322998046875, 834.4112548828125, 582.2864379882812]]",[11.0],[0.9443436861038208]
